14,15
126,134
133,141
255,400
256,401
257,402
262,406
263,408
277,278,279
332,333
336,337,338
343,344,345,346,347,348,349,350,353,354,355,356,357,358,359,360
351,361
352,362
367,368
398,1803
412,1804
426,4168
423,428,429,432,433,434
467,5245
510,720
512,722
515,725
518,534,727
540,929
546,547
562,4945
657,678
668,712
670,671,673
516,533,726,962
766,767
845,850
852,857
874,876
940,941
979,1946
996,997,998
1086,7979
1227,2184
1293,1294
1301,1302
1338,1436
1347,1443
1349,1432,1445
1395,1396
1498,1860
1513,1514,5467
1555,4344
1686,1687
1698,1699
1713,1778
1723,1724
1726,1779
1727,1730,1741
1731,1742
1745,1758
1747,1760
1752,1773
1753,1774
1755,1775
1792,1793
1844,1845
1877,2386
1899,1900
2071,2084
978,2131,8078,9953
2151,2387
2291,2293
2352,2355
2358,2370
2408,8255
2425,8253
2505,2511
2506,2512
2507,2509
2508,2510
2558,2561
2747,8490
2748,8491
2749,8492
2752,8495
2765,2772,2774
2776,8488
2978,2979
2985,2986
3029,3032
3047,10370
3048,10371
3049,10372
3051,10374
3214,3215
3222,3223
3276,5507
3278,5318
3282,5314
3340,3342
3349,3382
3351,3354,3373,3384
3352,3355,3374,3385
3389,5578
3487,3488
3553,3554
3704,3705,3706,3707,3708,3709,3710,3711,3712,3713,3714,3715,3716,3717,3718,3719,3720,3721
3785,3786
3854,3876
4172,4184
4256,4257
4334,4359
4341,4342
4357,4366
4514,4515
4679,4680
4701,4703,4704
4724,4810
4729,4730
4848,4859,4866
5030,5378
5209,5210,5211
5286,5287
5293,5311
5395,5396,5397
5419,5420
5461,7705
5621,5623,5625
5622,5624,5626
5667,5711
5697,5699
5714,5715
5743,5755
5744,5756
5745,5757
5746,5758
5749,5761
5750,5762
5751,5763
5770,7234
5771,7236
5773,7207,7881,7884,7887,7897
5778,7239
5800,5802
5805,5810
5817,8398
5818,8369,8379,8396
5842,5843
5874,8139
5875,5876
5878,5885
5880,5882,5883
5890,5891,5892,5893,5894,5895,5900
5902,5903
5917,5918
5924,5925
5936,5937,5941
5945,5946
5954,5956
5963,5964
5975,6508
6001,6002
6040,6041
6065,6066
6128,6940
6131,6943
6140,6141
6144,6145
6163,6164
6187,6188
6238,6239
6241,6247,6248
6249,6250
6253,6254
6281,6282
6299,6300
6367,6368
6409,6411
6460,6462
6461,8452
6465,6910
6470,6471
6477,6929
6498,6499
6531,6532
6539,6541
6545,6555
6546,6553
6566,6672
6588,6589
6606,6607
6638,6639
6645,6646
6647,6648,6650
6653,6654,6655,6656,6657,6658
6659,6660
6662,6663
6668,6669
6728,6729
6742,6743
6776,6994
6783,7002
6793,6999
6799,6800
6821,6823
6824,6825
6850,6851
6859,6914
6868,6869
6870,6871
6926,6927
6956,6965
5769,7003,7025,7049,7056
7030,7031
7033,7035
7034,7037
7038,7039
7040,7041
7047,7063
7048,7062
7069,7070
7082,7083
7096,7097
7116,7119
7121,7124
7172,7174,7175
7177,7179
7189,7191
7251,7902,9422
7277,7280
7315,7316
7321,7322,7324
7368,8881
7379,7380
7400,7442
7424,7425,7426,7427,7429
7445,7446
7466,7467
7469,7470
7485,7487
7500,7502
7524,7525
7593,7594
7599,7602
7643,7655
7646,7658
7647,7659
7648,7663
7693,7717
7694,7695
7721,7723
7726,7727
7772,7778
7775,7777
7779,8193
7782,8194
7801,7802,7804
7805,7808
7806,7807
7852,7853
7854,7855
7875,7876,7877
7880,9709
7907,7908
7261,7930,8155
7933,7934
7949,7951
7992,7993
8000,8001
8029,8030
8052,8067
8054,8066
8059,8068
8090,8094
8133,8781
8138,9790
8170,8171
2365,8173,8190,8191,8192
8184,8185
8186,8187
8188,8189
8202,8203,8204,8205,8206,8207
8208,8209
8210,8217
8227,8229
8256,8259
8292,8293
8298,8299
8308,8309
8331,8332
8384,8417
8399,8400
8455,8456
8457,8458
8459,8460
8461,8462,8463,8464,8465,8466,8469
8498,8501,8502,8503
8499,8500
8506,8519
8512,8518
8511,8514,8515
8540,8541
8583,8586
8636,8646
8663,8664
8678,8679
8687,8688
8704,8705
8706,8707,8708,8710
8792,8793
8821,8823
8853,8854
8862,8867,8868
8863,8864,8865
8895,8896
8898,8899
8911,8912
8935,8936
8938,8939
8945,8946
8952,8953
9003,9004
9011,9013,9017,9026
9021,9023
9044,9045
9054,9056
9095,9096
9107,9108,9109
9113,9114
9120,9121
9144,9145,9146
9158,9160
9166,9170
9171,9173
9180,9181
9184,9272
9202,9203
9225,9226,9227
9263,9264
9293,9295
9305,9322
9330,9345
9335,9344
9340,9343
9363,9364,9365,9366
9383,9384,9385,9386
9460,9461
9488,9489
9530,9582
9551,9552
9565,9567
9570,9571,9572,9573
9589,9590
9593,9595
9594,9596
9597,9598
9612,9613
9643,9646
9645,9648
9668,9669
9670,9688
9672,9692
9678,9691
9682,9696
9699,9700,9704
9701,9702,9703
9705,9706
9745,9746
9756,9757
9784,9785
9807,9809
9808,9810
9812,9813,9814
9820,9821,9824
9849,9850
9880,9883,9884
9881,9882
9933,9934
9941,9942
9946,9948
9954,9955
10080,10081
10160,10162
10167,10168
10169,10170
10172,10173
10184,10201
10189,10205
10198,10216
10208,10209
10220,10221
10222,10223
10224,10225
10226,10227
10258,10259
10344,10345
10395,10396
10421,10431
10501,10520
10555,10578,10592
10586,10587
10656,10658
