2,5730
34,641
35,2851
36,644
122,123
128,2644
129,2645
130,1778,2511
131,2512
134,2515
136,2517
140,1642,2550
141,1643
144,2606
146,2608
148,2590
149,1629,2591
152,153,1632,1633,2594,2595
154,1634
155,1635,2596
157,1637
159,1639
160,1644,1688,2646
187,1709
188,1710
191,1712
192,1713
193,1714
195,1716
196,1717
197,1718
211,1728
212,1729
214,1731
215,1732
216,1733
217,1734
218,1735
219,1736
222,1739
223,1740
225,1742
228,1745
229,1746
230,1747
234,1751
235,1752
236,1753
237,1754
240,1757
242,1760
243,1761
268,288
286,1764
287,1765
297,1766
300,469
302,471
303,387,472
331,368,493,526,552,649,690,838,2897
332,2898
349,352
365,3880
330,367,551,2896
382,459
383,460
384,461
385,462
389,474
306,391,476
419,1233,2552,2746,5702
428,2654
449,3040
450,684
455,456,457
485,486,497,1475,3406,3407,4180,6847,6848
487,4912
488,3409
537,857
548,3078
549,3079
550,3080
574,575
614,843
616,845
626,2906
627,2907
628,2908
629,2909
631,658
632,661
635,2895
640,2850
670,688,782
671,4209
698,4772
664,686,723,778
829,861
613,842,2262
864,865
879,5053
924,951
931,1064
933,2046
934,2047
1082,2588
1234,2553,5706
1237,2556
1304,1576,2715
1306,2401
1307,2402
1308,2403
1310,1311
1460,4205
1461,4203
1462,4204
1465,2391
1467,2393
1468,2394
1473,2399,2567,2577
1493,1501
150,151,1630,1631,2592,2593
156,1636,2597
1640,1645
162,1647,1691
1648,1692
1649,1693
199,1660,1720
1664,1724
1665,1725
158,210,1229,1638,1727,2599,4869,9916,10115
213,1730,3190
1768,1779
132,1769,1780
133,1772,1781,2514
1773,1782
135,1774,1783,2516
1775,1784
137,1776,1785
1777,1786
1924,1925
1955,1956
2014,2015
2025,2026
2066,2067
2257,2267
2258,2266
2360,2388
2554,5703
2561,2569
2563,2571
161,1646,1690,2647,4188
2651,3896
2756,3004
655,2760,2912
2764,2839
2765,2842
2790,2791
540,597,2813,2876,2946
2820,2949
2822,2882
2824,2884
2887,2888
2889,2890
2893,3060
2902,2987,3033,3156
2959,4218
2988,3179
2993,3039
2994,3008
3000,3050
3001,3051
3002,3052
3016,3054
3017,3055
3019,3057
3020,3058
3021,3059
2901,3024,3061,3155
3101,5596
3102,5597
3103,5598
3106,5601
3107,5606
3108,5607
3125,3129
3279,3280
3299,5046
3300,5047
3301,5048
3330,3336
3347,3961,4332,4423,4778
3359,3360
3405,4911
3664,3665,3796
3675,3676
3699,5343
3716,3721
3727,3728,3729
3744,3745
3751,3753
3713,3761,3764,3782,3784
3766,3767
3785,3790
3787,3789
3806,3807
3808,3809
3818,3819
3826,3827
3854,3855
3877,3878
3905,5571
3906,5572
3907,5573
3908,3915,5574,5581
3909,5575
3911,5577
3912,3913,5578,5579
3914,5580
3916,5582
3917,5583
3918,5584
3919,3921,5585
3920,5586
3922,5587
3997,3998,3999
4027,4028
4065,5755
4073,4074
4075,4076
4184,4185
4327,4418
4331,4777
4373,4374,4376
4625,4627
4902,4903
4935,4937
4938,4939
5143,5144
5314,5315,5316,5319,5320,5321,5322,5323
5325,5754
5416,5417
5524,5525
5588,5590
5634,9672
5635,9673
5636,9674
5638,9676
5639,9677
5641,9679
5643,9681
5644,9682
5645,9683
5646,9684
5647,9685
5648,9686
5649,9687
5650,9688
5651,9689
5652,9690
5653,9691
5654,9692
5655,9693
5656,9694
5658,9696
5659,9697
5660,9698
5661,9699
5662,9700
5663,9701
5664,9702
5665,9703
5666,9704
5667,9705
5668,9706
5669,9707
5670,9708
5671,9709
5672,9710
5674,9712
5675,9713
5678,9716
5679,9717
5680,9718
5681,9719
5682,9720
5684,9721
5685,9722
5749,5750
5765,5767,5768,5772
5779,5780
5799,5927
5834,6015
5853,6111
5855,5986
5860,5900
5868,5873
5881,5917
5882,5918
6005,6006
6007,6008
6039,8125
6045,6046
6048,6510,7845
6050,6491
6051,6492
6052,6493
6053,6494
6054,6495,8071
6061,6079
6064,6327
6077,6097
6085,6524,6905
6129,6130
6137,6562
6140,6566
6141,6567
6152,6251
6155,6162
6166,6167
6195,6274
6196,6275
6217,6219
6220,6221
6279,6306
6308,7744
6309,7746
6310,7747
6312,7749
6313,7750
6314,7753
6315,7754
6316,7755
6317,7756
6318,7757
6319,7758
6323,7762
6324,7763
6325,7764
6333,8025
6357,7520
6364,7217
6365,7218
6366,7219
6367,7220
6368,7224
6371,7227
6372,7228
6373,7229
6374,7230
6375,7231
6376,7232
6379,7238
6382,7241
6384,7290
6387,7293
6388,7295
6389,7296
6391,7554
6392,7555
6393,7556
6394,7557
6395,7774
6396,7775
6398,7777
6399,7778
6400,7779
6401,7780
6408,8022
6409,8023
6410,8028
6416,7390
6427,7401
6428,7402
6429,7403
6430,7404
6431,7407
6433,7331
6434,7332
6439,6440
6444,7154
6445,7155
6446,7156
6448,7158
6449,7159
6452,7173
6460,7205
6461,7206
6462,7207
6463,7208
6465,7209
6466,7210
6468,7212
6469,7213
6472,7768
6473,7769
6474,7770
6476,7772
6477,7773
6479,7358
6481,7360
6482,7361
6489,8053
6498,7834
6508,7842
6512,8128
6514,8130
6516,8132
6519,8134
6520,8135
6525,7333
6526,7334
6527,7335
6529,7338
6531,7340
6532,7341
6533,7342
6534,7343
6535,7344
6536,7345
6537,7347,7406
6538,7348
6539,7349
6540,7350
6541,7351
6543,7927
6544,7928
6545,7929
6550,7935
6551,7936
6554,7408
6555,7409
6568,7144
6634,6635
6674,6795
6805,6808
6829,6838
6840,6842,6843,6844
6860,9550,12057,14146
6887,6888
6922,7148
7015,7016
7055,7057,7942
7056,7945,7985
7098,7256
7147,7677,7732
7166,8017
7221,7222
7245,7246
7319,7594
7434,7705
7435,7707,7797
7437,7709
7438,7710,7800
7440,7802
7441,7803
7442,7804
7443,7805
7444,7664,7720,7806
7445,7721,7807
7446,7722,7808
7448,7727
7479,7480
7483,7484
7487,7488
7497,7506
7500,7503
7511,7514
7513,7516
6358,6403,6426,6441,6505,6552,6915,7288,7400,7523,7541,7548,7663,7719,7839,7914,7937,8010
7524,7874
7528,7926
6547,7535,7931
7536,7932
7537,7933
7552,7553
7577,7578
6326,6359,6390,6442,6511,6553,7297,7314,7329,7411,7457,7542,7590,7613,7738,7743,7849,7868,7925,7938
7632,7885
7649,7984
7667,7917
7449,7673,7729,7811
7450,7674,7730,7812
7451,7675,7731,7813
7678,7815,7920
7433,7704,7794
7723,7809
6041,6329,6496,7633,7795,7832,7886
7799,7890
6047,6337,6509,7676,7814,7844,7919
7907,7908
7946,7986
8015,8016
8156,9571
8165,11141
8174,11109
8176,8178
8198,8272
8299,8300
8324,8325
8336,8337
8536,8538
8544,8545
8572,8575
8604,8605
8644,8645,8646
8707,8708
8729,8730
8747,8748
8771,8772
8784,8785
8928,8929
9039,9040,9041
9230,9231
9432,9433
9504,9506
9514,9515
9586,9587,9612
9604,9605
9763,9764
9771,9772,9773
9789,9792
9802,9803
9806,9808
9864,10063
9865,10064
9866,10065
9867,10066
9868,10067
9869,10068
9870,10069
9871,10070
9872,10071
9873,10072
9874,10073
9876,10075
9877,10076
9878,10077
9879,10078
9880,10079
9881,10080
9883,10082
9887,9888,10086,10087
9889,10088
9890,10089
9891,10090
9892,10091
9875,9893,10074,10092
9882,9884,9894,9942,9953,10081,10083,10093,10141,10152
9895,10094
9896,10095
9897,10096
9898,10097
9899,10098
9900,10099
9901,10100
9902,10101
9903,10102
9904,10103
9905,10104
9906,10105
9907,10106
9908,10107
9909,10108
9910,10109
9911,10110
9912,10111
9913,10112
9914,10113
9915,10114
9917,10116
9918,10117
9919,10118
9920,10119
9921,10120
9922,10121
9923,10122
9924,10123
9925,10124
9926,10125
9927,10126
9928,10127
9929,10128
9930,10129
9931,10130
9932,10131
9933,9934,10132,10133
9935,10134
9936,10135
9937,10136
9938,10137
9939,10138
9940,10139
9941,10140
9943,9944,10142,10143
9945,10144
9946,10145
9885,9947,10084,10146
9948,10147
9886,9949,10085,10148
9950,10149
9951,10150
9952,10151
9954,10153
9955,10154
9956,10155
9957,10156
9958,10157
9959,10158
9960,10159
9961,10160
9962,10161
9963,10162
9964,10163
9965,10164
9966,10165
9967,10166
9968,10167
9969,10168
9970,10169
9971,10170
9972,10171
9973,10172
9974,10173
9975,10174
9976,10175
9977,10176
9978,10177
9979,10178
9980,10179
9981,10180
9982,10181
9983,9984,9985,10182,10183,10184
9986,10185
9987,10326,10405
9988,10327,10406
9989,10328,10407
9990,10329,10408
9991,10330,10409
9992,10331,10410
9993,10332,10411
9994,10333,10412
9995,10334,10413
9996,10335,10414
9997,10336,10415
9998,10337,10416
9999,10338,10417
10000,10339,10418
10001,10340,10419
10002,10341,10420
10003,10004,10005,10342,10343,10344,10421,10422,10423
10006,10345,10424
10007,10346,10425
10008,10347,10426
10009,10348,10427
10010,10349,10428
10011,10350,10429
10012,10351,10430
10301,10305
10311,10313
10356,10357
10358,10359
10360,10361
10362,10363
10365,10366
10371,10372
10377,10378
10395,10396
10434,10438
10461,10463
10483,10484
10485,10486
10533,10567
10534,10568
10535,10569
10536,10570
10537,10571
10538,10572
10539,10573
10540,10574
10541,10575
10542,10576
10543,10544,10577,10578
10545,10579
10546,10580
10547,10581
10548,10549,10582,10583
10550,10584
10551,10585
10552,10586
10553,10587
10554,10588
10555,10589
10556,10590
10557,10591
10558,10592
10559,10593
10560,10594
10561,10595
10562,10596
10563,10597
10564,10598
10565,10599
10566,10600
10608,10609
10634,10733
10640,10642
10641,10643
10644,10645
10658,10743
10661,10663
10682,10683
10703,10704
10705,10707
10712,10713
10718,10721
10719,10720
10767,10768
10774,10776
10773,10777,10781
10778,10782
10785,10786
10793,10794
10795,10796
10797,10799
10798,10803
10801,10802
10850,10918,10919
11037,11038,11047
11067,11068
11092,11106
11111,11112,11113,11114,11116
11145,11146,11147
11148,11149,11150
11223,11250
11300,11301
11511,11513
11578,11579,11580
11587,11593
11588,11594
11611,11612
11690,11691
11700,11701
11704,11706
11707,11710
11730,11736
11748,11749
11754,11758,11764,11772
11759,11765,11773
11760,11766,11774
11762,11776
11763,11777
11778,11781
11788,11789,11790,11791
11817,11823,11825
11818,11824,11826
11862,11876
11870,11871
11897,11899,11900
11909,11910
11921,11923
11932,11933
11936,11974
11993,11994
12004,12005
12058,14147
12059,14148
12060,14149
12061,14150
12062,14151
12063,14152
12064,14153
12066,14157
12067,14158
12068,14159
12069,14160
12070,14161
12071,14162
12072,14163
12073,14164
12074,14135
12083,12084,12085
12099,12100
11966,11968,11969,11970,11971,12112,12113,12114
12180,12181
12192,12199,12201
12220,12221
12234,12235
12236,12237
12238,12240
12253,12254,12255,12256
12270,12271
12290,12297
12300,12301
12303,12304
12321,12322
12344,12353,12357
12355,12356
12358,12359
12389,12390
12405,12406
12416,12432
12478,12479
12480,12481
12493,12494
12495,12499
12450,12497,12498
12565,12566
12629,12631,12632
12673,12675,12678
12682,12694
12688,12689
12692,12693
12715,13641
12716,13642
12717,13643
12718,13644
12719,13645
12720,13646
12721,13647
12722,13648
12723,13649
12724,13650
12725,13651
12726,13652
12727,13653
12728,13654
12729,13655
12730,13656
12731,13657
12732,13658
12733,13659
12734,13660
12735,13661
12736,13662
12737,13664
12739,13668
12740,13669
12741,12742,12743,12744,12745,12746,12747,12748,12749,12750,12751,12752,12753,12754,12755,12756,12757,13670,13671,13672,13673,13674,13675,13676,13677,13678,13679,13680,13681,13682,13683,13684,13685,13686
12761,13690
12762,13691
12763,13692
12764,13695
12765,13696
12766,13697
12767,13698
12768,13699
12770,13701
12771,13702
12774,13706
12775,13707
12776,13708
12779,12780,12781,12782,12783,12784,12785,12786,12787,12788,12789,12790,12791,12792,12793,12794,12795,12796,12797,12798,12799,12800,12801,12802,12803,12804,12805,12806,12807,12808,12809,12810,12811,12812,12813,12814,12815,12816,12817,12818,12819,12820,13711,13712,13713,13714,13715,13716,13717,13718,13719,13720,13721,13722,13723,13724,13725,13726,13727,13728,13729,13730,13731,13732,13733,13734,13735,13736,13737,13738,13739,13740,13741,13742,13743,13744,13745,13746,13747,13748,13749,13750,13751,13752
12821,13753
12822,13754
12823,13755
12824,13756
12825,13757
12826,13758
12827,13759
12828,13760
12829,13761
12830,13762
12831,13763
12832,13764
12833,13765
12834,13766
12835,13767
12836,13768
12837,13769
12838,13770
12839,13771
12840,13772
12841,13773
12842,13774
12843,13775
12844,13776
12845,13777
12846,13778
12847,13779
12848,13780
12849,13781
12850,13782
12851,13783
12852,13784
12853,13785
12854,13786
12855,13787
12856,13788
12857,13789
12858,13790
12859,13791
12860,13792
12862,13794
12863,13795
12868,13798
12869,13799
12870,13800
12871,13801
12878,12879,12880
12893,12894,12895,12896,12897,12898,12899,12900,12901,12902
12904,12905,12906,12907,12908,12909,12910,12911
12915,12916,12917,12918,12919,12920,12921,12922,12923
12954,12957
12968,12969
12974,12975
12987,12988,12989,12990,12991
12992,12994,12995,12996,12997,12998,12999,13000,13001,13002
13003,13004,13005
13006,13007,13008,13009,13010,13011,13012,13013,13014
13016,13017,13018,13019,13020,13021,13022,13023,13024,13025,13026,13027,13028,13029,13030,13031
13033,13034,13035,13036
13045,13802
13046,13047,13048,13049,13803,13804,13805,13806
13050,13807
13051,13808
13052,13809
13053,13810
13055,13811
13056,13812
13057,13813
13058,13815
13059,13816
13060,13817
13061,13818
13062,13819
13063,13820
13064,13821
13065,13822
13067,13824
13068,13825
13069,13826
13071,13836
13072,13837
13073,13838
12866,13074,13839
13075,13840
13076,13841
13077,13842
13078,13843
13079,13844
13080,13845
13081,13846
13082,13847
13083,13848
13084,13849
13085,13850
13086,13851
13087,13852
13088,13853
13089,13854
13091,13856
13092,13857
13093,13858
13094,13859
13095,13860
13096,13861
13097,13862
13098,13863
13099,13864
13100,13865
13101,13866
13102,13867
13103,13868
13104,13869
13105,13870
13106,13871
13107,13872
13108,13873
13109,13874
13111,13877
13112,13878
13113,13879
13114,13880
13115,13881
13116,13882
13117,13883
13118,13884
13119,13885
13120,13886
13121,13887
13122,13888
13123,13889
13124,13891
13125,13892
13126,13893
13127,13894
13128,13895
13129,13896
13130,13897
13131,13898
13132,13899
13133,13227,13900
13134,13228,13901
13135,13902
13136,13903
13139,13908
13140,13909
13141,13910
13142,13911
13143,13912
13144,13913
13145,13914
13146,13915
13147,13916
13148,13917
13149,13918
13150,13919
13151,13920
13153,13922
13154,13923
13155,13924
13156,13925
13157,13926
13158,13827
13159,13927
13160,13928
13161,13929
13162,13930
13163,13931
13164,13932
13165,13933
13166,13934
13167,13935
13168,13936
13169,13937
13170,13938
13171,13939
13172,13940
13173,13941
13174,13950
13175,13951
13176,13952
13177,13953
13178,13954
13179,13955
13180,13956
13181,13957
13182,13958
13183,13959
13184,13960
13185,13962
13186,13963
13187,13964
13188,13966
13189,13968
13190,13969
13191,13970
13192,13971
13193,13972
13194,13973
13209,13210
13233,13241,13251,13275
13234,13257
13236,13240,13244,13262,13267,13278
13243,13245,13268
13248,13250,13255,13274
13249,13256
13252,13259,13281
13253,13282
13254,13283
13295,13434
13351,13352
13359,13364
13382,13383
13393,13407
13397,13398,13399
13468,13469
14005,14026
14022,14028
14037,14040
14042,14075
14043,14076
14062,14063
14070,14071
14084,14086
14094,14098
14111,14114
14120,14121
14136,14137
14139,14140
14142,14144
14143,14145
