0,7,0.934783,3,9,10,9,9
1,2,0.985075,3,13,13,13,13
3,4,0.935065,3,13,13,13,13
3,5,0.922078,3,13,13,13,13
4,5,0.972603,3,13,13,13,13
18,2197,0.936508,3,10,10,10,10
19,2198,1.000000,1,10,10,10,10
33,965,0.925373,3,10,10,10,10
33,995,1.000000,1,10,10,10,10
965,995,0.955224,3,10,10,10,10
48,641,1.000000,1,8,8,8,8
55,57,0.850515,3,24,29,24,26
56,58,0.967213,3,13,10,13,10
64,2709,0.968912,3,22,22,22,22
66,2700,1.000000,2,15,15,15,15
67,2702,0.916667,3,12,12,12,12
68,2701,1.000000,2,9,9,9,9
72,752,0.981818,3,14,15,12,12
75,76,0.707692,3,8,10,8,10
79,85,1.000000,2,7,7,7,7
102,103,1.000000,2,13,13,13,13
107,108,0.769231,3,20,14,20,14
139,140,0.976471,3,16,17,15,15
139,2758,0.976471,3,16,17,15,15
140,2758,1.000000,1,17,17,15,15
148,2755,1.000000,1,10,10,10,10
169,170,0.988764,3,114,110,104,103
169,171,0.943694,3,114,103,104,95
170,171,0.932584,3,110,103,103,95
180,181,1.000000,2,18,18,18,18
180,1934,1.000000,1,18,18,18,18
180,1935,1.000000,2,18,18,18,18
181,1934,1.000000,2,18,18,18,18
181,1935,1.000000,1,18,18,18,18
1934,1935,1.000000,2,18,18,18,18
182,1936,1.000000,1,19,19,19,19
190,472,1.000000,1,11,11,11,11
190,2590,1.000000,1,11,11,11,11
472,2590,1.000000,1,11,11,11,11
193,194,0.967568,3,24,24,24,24
195,473,0.986928,3,29,29,28,28
195,2372,0.947368,3,29,20,28,20
195,2591,0.901316,3,29,21,28,21
473,2372,0.915033,3,29,20,28,20
473,2591,0.882353,3,29,21,28,21
2372,2591,0.975806,3,20,21,20,21
199,477,0.953237,3,35,39,34,37
200,2377,0.996124,3,41,41,36,35
201,2375,1.000000,2,48,48,40,40
202,2383,0.924370,3,25,26,21,22
203,2380,1.000000,2,18,18,18,18
204,2381,1.000000,2,12,12,11,11
205,2379,1.000000,2,71,71,65,65
206,2378,1.000000,2,21,21,21,21
215,2060,1.000000,1,12,12,12,12
216,2061,0.842857,3,17,19,17,19
217,218,1.000000,2,5,5,5,5
217,2062,1.000000,1,5,5,5,5
217,2063,1.000000,2,5,5,5,5
218,2062,1.000000,2,5,5,5,5
218,2063,1.000000,1,5,5,5,5
2062,2063,1.000000,2,5,5,5,5
219,220,1.000000,2,5,5,5,5
219,2064,1.000000,1,5,5,5,5
219,2065,1.000000,2,5,5,5,5
220,2064,1.000000,2,5,5,5,5
220,2065,1.000000,1,5,5,5,5
2064,2065,1.000000,2,5,5,5,5
222,2069,1.000000,1,24,24,24,24
223,2070,0.963462,3,114,120,114,118
224,2071,1.000000,1,32,32,32,32
225,2072,1.000000,1,10,10,10,10
226,227,1.000000,2,6,6,6,6
226,2078,1.000000,1,6,6,6,6
226,2079,1.000000,2,6,6,6,6
227,2078,1.000000,2,6,6,6,6
227,2079,1.000000,1,6,6,6,6
2078,2079,1.000000,2,6,6,6,6
228,2080,1.000000,1,7,7,7,7
230,2082,1.000000,1,21,21,21,21
231,2083,1.000000,1,13,13,11,11
232,2084,1.000000,1,13,13,13,13
233,2085,1.000000,1,16,16,16,16
234,2086,1.000000,1,12,12,11,11
235,2087,0.992308,3,43,43,36,36
236,2088,0.990566,3,44,44,41,41
237,2089,1.000000,1,12,12,12,12
238,2090,1.000000,1,6,6,6,6
239,2091,1.000000,1,18,18,16,16
240,2092,1.000000,1,10,10,10,10
241,2093,1.000000,1,9,9,9,9
242,2094,1.000000,1,13,13,13,13
243,2095,1.000000,1,29,29,29,29
244,2096,1.000000,1,14,14,14,14
245,2097,1.000000,1,17,17,16,16
247,2099,1.000000,1,8,8,8,8
248,2100,1.000000,1,11,11,11,11
249,2101,1.000000,1,5,5,5,5
246,250,1.000000,2,8,8,8,8
246,251,1.000000,2,8,8,8,8
246,2098,1.000000,1,8,8,8,8
246,2102,1.000000,2,8,8,8,8
246,2103,1.000000,2,8,8,8,8
250,251,1.000000,2,8,8,8,8
250,2098,1.000000,2,8,8,8,8
250,2102,1.000000,1,8,8,8,8
250,2103,1.000000,2,8,8,8,8
251,2098,1.000000,2,8,8,8,8
251,2102,1.000000,2,8,8,8,8
251,2103,1.000000,1,8,8,8,8
2098,2102,1.000000,2,8,8,8,8
2098,2103,1.000000,2,8,8,8,8
2102,2103,1.000000,2,8,8,8,8
252,2104,1.000000,1,11,11,11,11
253,2105,1.000000,1,13,13,11,11
254,2106,1.000000,1,11,11,11,11
255,2107,1.000000,1,6,6,6,6
256,2108,1.000000,1,5,5,5,5
257,2109,1.000000,1,47,47,47,47
258,2110,1.000000,1,12,12,12,12
259,2111,1.000000,1,28,28,27,27
260,2112,1.000000,1,7,7,7,7
261,2113,1.000000,1,13,13,12,12
262,264,0.954839,3,26,25,25,24
262,2114,1.000000,1,26,26,25,25
262,2116,0.954839,3,26,25,25,24
264,2114,0.851613,3,25,26,24,25
264,2116,1.000000,1,25,25,24,24
2114,2116,0.954839,3,26,25,25,24
263,2115,1.000000,1,6,6,6,6
265,2117,1.000000,1,26,26,25,25
266,2118,1.000000,1,9,9,9,9
267,268,0.837838,3,14,15,14,15
295,971,1.000000,1,8,8,8,8
296,297,0.965517,3,8,8,8,8
296,972,1.000000,1,8,8,8,8
296,973,0.965517,3,8,8,8,8
297,972,0.965517,3,8,8,8,8
297,973,1.000000,1,8,8,8,8
972,973,0.965517,3,8,8,8,8
305,2587,1.000000,1,11,11,11,11
314,2595,0.959184,3,15,15,15,15
315,2596,0.995122,3,26,25,25,24
323,371,0.918552,3,39,42,37,39
326,481,0.989247,3,13,14,13,13
207,331,1.000000,1,15,13,13,13
207,480,1.000000,1,15,15,13,13
331,480,1.000000,1,13,15,13,13
353,2357,1.000000,1,7,7,7,7
354,2406,1.000000,1,28,28,24,24
355,1092,1.000000,1,7,7,7,7
356,1093,1.000000,1,5,5,5,5
358,1095,0.909774,3,37,37,20,20
358,2350,0.818182,3,37,31,20,16
358,2581,0.851240,3,37,31,20,16
1095,2350,0.721805,3,37,31,20,16
1095,2581,0.842105,3,37,31,20,16
2350,2581,0.873684,3,31,31,16,16
359,1097,1.000000,1,16,16,13,13
360,1098,0.977778,3,16,16,16,16
360,1101,0.977778,3,16,15,16,15
1098,1101,1.000000,2,16,15,16,15
380,381,1.000000,2,6,10,6,6
380,383,1.000000,2,6,7,6,6
381,383,1.000000,2,10,7,6,6
385,386,0.975460,3,24,25,24,25
387,638,1.000000,1,15,15,13,13
388,639,1.000000,1,17,17,16,16
389,649,0.818841,3,48,60,43,55
390,650,0.849624,3,26,31,23,26
391,651,0.806122,3,16,21,14,17
392,655,1.000000,1,7,7,7,7
396,400,1.000000,2,8,8,8,8
396,2797,1.000000,2,8,8,8,8
400,2797,1.000000,2,8,8,8,8
395,399,1.000000,1,9,9,8,8
395,2796,1.000000,2,9,8,8,7
399,2796,1.000000,2,9,8,8,7
49,402,1.000000,1,25,25,22,22
49,664,1.000000,1,25,24,22,22
49,1781,1.000000,1,25,25,22,22
49,1979,1.000000,1,25,25,22,22
49,2501,1.000000,1,25,25,22,22
49,2689,1.000000,1,25,25,22,22
49,2792,1.000000,1,25,24,22,22
402,664,1.000000,1,25,24,22,22
402,1781,1.000000,1,25,25,22,22
402,1979,1.000000,1,25,25,22,22
402,2501,1.000000,1,25,25,22,22
402,2689,1.000000,1,25,25,22,22
402,2792,1.000000,1,25,24,22,22
664,1781,1.000000,1,24,25,22,22
664,1979,1.000000,1,24,25,22,22
664,2501,1.000000,1,24,25,22,22
664,2689,1.000000,1,24,25,22,22
664,2792,1.000000,1,24,24,22,22
1781,1979,1.000000,1,25,25,22,22
1781,2501,1.000000,1,25,25,22,22
1781,2689,1.000000,1,25,25,22,22
1781,2792,1.000000,1,25,24,22,22
1979,2501,1.000000,1,25,25,22,22
1979,2689,1.000000,1,25,25,22,22
1979,2792,1.000000,1,25,24,22,22
2501,2689,1.000000,1,25,25,22,22
2501,2792,1.000000,1,25,24,22,22
2689,2792,1.000000,1,25,24,22,22
50,403,1.000000,1,17,17,17,17
50,665,1.000000,1,17,17,17,17
50,1782,1.000000,1,17,17,17,17
50,1980,1.000000,1,17,17,17,17
50,2502,1.000000,1,17,17,17,17
403,665,1.000000,1,17,17,17,17
403,1782,1.000000,1,17,17,17,17
403,1980,1.000000,1,17,17,17,17
403,2502,1.000000,1,17,17,17,17
665,1782,1.000000,1,17,17,17,17
665,1980,1.000000,1,17,17,17,17
665,2502,1.000000,1,17,17,17,17
1782,1980,1.000000,1,17,17,17,17
1782,2502,1.000000,1,17,17,17,17
1980,2502,1.000000,1,17,17,17,17
51,404,1.000000,1,36,36,33,33
51,666,1.000000,1,36,36,33,33
51,1783,1.000000,1,36,36,33,33
51,1981,1.000000,1,36,36,33,33
51,2503,1.000000,1,36,36,33,33
51,2691,1.000000,1,36,36,33,33
51,2794,0.990950,3,36,36,33,33
404,666,1.000000,1,36,36,33,33
404,1783,1.000000,1,36,36,33,33
404,1981,1.000000,1,36,36,33,33
404,2503,1.000000,1,36,36,33,33
404,2691,1.000000,1,36,36,33,33
404,2794,0.990950,3,36,36,33,33
666,1783,1.000000,1,36,36,33,33
666,1981,1.000000,1,36,36,33,33
666,2503,1.000000,1,36,36,33,33
666,2691,1.000000,1,36,36,33,33
666,2794,0.990950,3,36,36,33,33
1783,1981,1.000000,1,36,36,33,33
1783,2503,1.000000,1,36,36,33,33
1783,2691,1.000000,1,36,36,33,33
1783,2794,0.990950,3,36,36,33,33
1981,2503,1.000000,1,36,36,33,33
1981,2691,1.000000,1,36,36,33,33
1981,2794,0.990950,3,36,36,33,33
2503,2691,1.000000,1,36,36,33,33
2503,2794,0.990950,3,36,36,33,33
2691,2794,0.990950,3,36,36,33,33
52,405,1.000000,1,8,8,8,8
52,667,1.000000,1,8,8,8,8
52,1784,1.000000,1,8,8,8,8
52,1982,1.000000,1,8,8,8,8
52,2504,1.000000,1,8,8,8,8
52,2692,1.000000,1,8,8,8,8
52,2795,1.000000,1,8,8,8,8
405,667,1.000000,1,8,8,8,8
405,1784,1.000000,1,8,8,8,8
405,1982,1.000000,1,8,8,8,8
405,2504,1.000000,1,8,8,8,8
405,2692,1.000000,1,8,8,8,8
405,2795,1.000000,1,8,8,8,8
667,1784,1.000000,1,8,8,8,8
667,1982,1.000000,1,8,8,8,8
667,2504,1.000000,1,8,8,8,8
667,2692,1.000000,1,8,8,8,8
667,2795,1.000000,1,8,8,8,8
1784,1982,1.000000,1,8,8,8,8
1784,2504,1.000000,1,8,8,8,8
1784,2692,1.000000,1,8,8,8,8
1784,2795,1.000000,1,8,8,8,8
1982,2504,1.000000,1,8,8,8,8
1982,2692,1.000000,1,8,8,8,8
1982,2795,1.000000,1,8,8,8,8
2504,2692,1.000000,1,8,8,8,8
2504,2795,1.000000,1,8,8,8,8
2692,2795,1.000000,1,8,8,8,8
407,2513,0.985915,3,12,12,11,11
409,411,0.898305,3,11,12,10,10
410,412,0.988235,3,7,7,7,7
414,416,0.961538,3,8,8,8,8
471,2370,1.000000,1,10,10,10,10
471,2589,1.000000,2,10,10,10,10
2370,2589,1.000000,2,10,10,10,10
196,474,0.993711,3,23,23,23,23
196,2592,0.864130,3,23,30,23,30
474,2592,0.864130,3,23,30,23,30
198,476,0.962264,3,12,12,12,12
198,2594,1.000000,1,12,12,12,12
476,2594,0.981132,3,12,12,12,12
488,489,1.000000,2,7,6,6,6
490,506,0.968254,3,16,18,16,17
502,504,0.942029,3,15,16,14,14
521,522,0.925676,3,76,77,69,70
361,525,0.873418,3,10,10,9,10
361,1099,0.886076,3,10,10,9,10
525,1099,1.000000,2,10,10,10,10
526,538,0.886364,3,7,7,7,7
527,539,0.886364,3,7,7,7,7
540,541,0.854749,3,34,38,33,36
594,595,0.968750,3,7,7,7,7
594,1167,1.000000,1,7,7,7,7
595,1167,0.968750,3,7,7,7,7
596,1170,1.000000,1,11,11,11,11
599,2607,1.000000,2,11,11,11,11
609,610,1.000000,2,11,11,9,9
616,619,0.921053,3,9,9,9,9
617,618,1.000000,2,8,8,8,8
629,2484,0.972222,3,12,11,12,11
640,1975,0.946903,3,16,13,16,13
656,657,1.000000,2,13,13,13,13
286,393,0.911765,3,19,13,19,13
286,394,0.911765,3,19,13,19,13
286,658,0.861111,3,19,13,19,13
286,659,0.911765,3,19,13,19,13
286,1785,0.911765,3,19,21,19,21
286,1983,0.911765,3,19,21,19,21
286,2498,0.911765,3,19,21,19,21
286,2789,0.911765,3,19,13,19,13
393,394,1.000000,2,13,13,13,13
393,658,0.944444,3,13,13,13,13
393,659,1.000000,2,13,13,13,13
393,1785,1.000000,2,13,21,13,21
393,1983,1.000000,2,13,21,13,21
393,2498,1.000000,2,13,21,13,21
393,2789,1.000000,2,13,13,13,13
394,658,0.944444,3,13,13,13,13
394,659,1.000000,1,13,13,13,13
394,1785,1.000000,2,13,21,13,21
394,1983,1.000000,2,13,21,13,21
394,2498,1.000000,2,13,21,13,21
394,2789,1.000000,2,13,13,13,13
658,659,0.944444,3,13,13,13,13
658,1785,0.944444,3,13,21,13,21
658,1983,0.944444,3,13,21,13,21
658,2498,0.944444,3,13,21,13,21
658,2789,0.944444,3,13,13,13,13
659,1785,1.000000,2,13,21,13,21
659,1983,1.000000,2,13,21,13,21
659,2498,1.000000,2,13,21,13,21
659,2789,1.000000,2,13,13,13,13
1785,1983,1.000000,1,21,21,21,21
1785,2498,1.000000,1,21,21,21,21
1785,2789,1.000000,2,21,13,21,13
1983,2498,1.000000,1,21,21,21,21
1983,2789,1.000000,2,21,13,21,13
2498,2789,1.000000,2,21,13,21,13
661,662,0.903846,3,11,11,9,9
673,1044,0.747368,3,25,34,20,28
689,691,1.000000,2,8,8,8,8
690,709,0.980769,3,9,9,9,9
694,695,0.995146,3,23,22,23,22
694,696,0.980583,3,23,21,23,21
694,697,0.995146,3,23,21,23,21
694,698,0.985437,3,23,21,23,21
695,696,0.985000,3,22,21,22,21
695,697,0.995000,3,22,21,22,21
695,698,0.990000,3,22,21,22,21
696,697,0.995000,3,21,21,21,21
696,698,0.975000,3,21,21,21,21
697,698,0.985000,3,21,21,21,21
707,708,0.976744,3,8,8,8,8
712,714,0.993197,3,14,14,14,14
713,715,0.836257,3,36,48,34,40
719,721,0.987179,3,11,10,10,9
724,725,0.951613,3,10,10,10,10
724,726,0.951613,3,10,10,10,10
724,727,0.983333,3,10,10,10,10
725,726,1.000000,2,10,10,10,10
725,727,0.983871,3,10,10,10,10
726,727,0.983871,3,10,10,10,10
733,2514,0.894737,3,8,7,8,7
742,1831,0.857143,3,7,6,7,6
742,2505,0.896104,3,7,7,7,6
742,2507,0.857143,3,7,5,7,5
1831,2505,0.965517,3,6,7,6,6
1831,2507,0.948276,3,6,5,6,5
2505,2507,0.931034,3,7,5,6,5
735,744,0.980000,3,9,9,9,9
735,745,0.980000,3,9,9,9,9
744,745,1.000000,2,9,9,9,9
751,2018,1.000000,2,8,8,8,8
804,824,0.979381,3,10,9,10,9
808,1256,1.000000,2,17,18,16,16
809,1255,1.000000,2,9,9,9,9
805,811,1.000000,2,14,14,14,14
805,825,1.000000,2,14,14,14,14
811,825,1.000000,2,14,14,14,14
862,863,0.866667,3,7,6,7,6
867,868,0.965517,3,8,7,7,7
869,870,0.937500,3,7,7,7,7
869,875,1.000000,2,7,7,7,7
870,875,0.906250,3,7,7,7,7
872,884,0.861111,3,7,6,7,6
904,2032,1.000000,2,12,12,12,12
906,907,1.000000,2,10,10,10,10
954,956,1.000000,2,6,6,5,5
955,957,1.000000,2,24,25,22,22
1010,1011,0.987952,3,12,12,12,12
1019,1159,1.000000,2,7,7,7,7
1063,1064,0.906977,3,8,8,8,8
1078,1079,0.863248,3,17,19,17,19
1087,1108,0.968085,3,12,10,12,8
1087,2573,0.978723,3,12,12,12,12
1108,2573,0.882353,3,10,12,8,12
197,325,0.939759,3,7,7,7,7
197,475,0.939759,3,7,7,7,7
197,1153,0.939759,3,7,7,7,7
197,2371,0.939759,3,7,7,7,7
197,2593,1.000000,2,7,7,7,7
325,475,1.000000,1,7,7,7,7
325,1153,1.000000,2,7,7,7,7
325,2371,1.000000,2,7,7,7,7
325,2593,0.951807,3,7,7,7,7
475,1153,1.000000,2,7,7,7,7
475,2371,1.000000,2,7,7,7,7
475,2593,0.951807,3,7,7,7,7
1153,2371,1.000000,2,7,7,7,7
1153,2593,0.951807,3,7,7,7,7
2371,2593,0.951807,3,7,7,7,7
1164,2403,0.990654,3,19,19,19,19
1182,1183,0.932203,3,6,5,6,5
1182,1184,0.915254,3,6,6,6,6
1182,1185,0.835821,3,6,7,6,7
1182,1187,0.932203,3,6,6,6,6
1182,1188,0.932203,3,6,6,6,6
1182,1189,0.932203,3,6,5,6,5
1182,1190,0.932203,3,6,5,6,5
1183,1184,0.872727,3,5,6,5,6
1183,1185,0.716418,3,5,7,5,7
1183,1187,0.960784,3,5,6,5,6
1183,1188,0.924528,3,5,6,5,6
1183,1189,1.000000,2,5,5,5,5
1183,1190,0.924528,3,5,5,5,5
1184,1185,0.820896,3,6,7,6,7
1184,1187,0.981818,3,6,6,6,6
1184,1188,0.927273,3,6,6,6,6
1184,1189,0.963636,3,6,5,6,5
1184,1190,0.927273,3,6,5,6,5
1185,1187,0.895522,3,7,6,7,6
1185,1188,0.865672,3,7,6,7,6
1185,1189,0.880597,3,7,5,7,5
1185,1190,0.865672,3,7,5,7,5
1187,1188,0.905660,3,6,6,6,6
1187,1189,0.960784,3,6,5,6,5
1187,1190,0.905660,3,6,5,6,5
1188,1189,0.981132,3,6,5,6,5
1188,1190,1.000000,2,6,5,6,5
1189,1190,0.924528,3,5,5,5,5
1186,1192,1.000000,2,5,5,5,5
1186,1193,1.000000,2,5,5,5,5
1186,1194,1.000000,2,5,5,5,5
1186,1195,1.000000,2,5,5,5,5
1186,1196,1.000000,2,5,5,5,5
1186,1197,1.000000,2,5,5,5,5
1186,1198,1.000000,2,5,5,5,5
1186,1199,1.000000,2,5,5,5,5
1186,1200,1.000000,2,5,5,5,5
1186,1201,1.000000,2,5,5,5,5
1186,1202,1.000000,2,5,5,5,5
1186,1204,1.000000,2,5,5,5,5
1186,1205,1.000000,2,5,5,5,5
1186,1206,1.000000,2,5,5,5,5
1186,1207,1.000000,2,5,5,5,5
1186,1208,1.000000,2,5,5,5,5
1186,1209,1.000000,2,5,5,5,5
1186,1210,1.000000,2,5,5,5,5
1186,1211,1.000000,2,5,5,5,5
1186,1212,1.000000,2,5,5,5,5
1186,1213,1.000000,2,5,5,5,5
1186,1214,1.000000,2,5,5,5,5
1186,1215,1.000000,2,5,5,5,5
1186,1216,1.000000,2,5,5,5,5
1186,1217,1.000000,2,5,5,5,5
1186,1218,1.000000,2,5,5,5,5
1186,1219,1.000000,2,5,5,5,5
1186,1220,1.000000,2,5,5,5,5
1186,1221,1.000000,2,5,5,5,5
1186,1222,1.000000,2,5,5,5,5
1186,1223,1.000000,2,5,5,5,5
1186,1224,1.000000,2,5,5,5,5
1186,1225,1.000000,2,5,5,5,5
1186,1226,1.000000,2,5,5,5,5
1186,1227,1.000000,2,5,5,5,5
1186,1228,1.000000,2,5,5,5,5
1186,1229,1.000000,2,5,5,5,5
1186,1230,1.000000,2,5,5,5,5
1186,1231,1.000000,2,5,5,5,5
1186,1232,1.000000,2,5,5,5,5
1186,1233,1.000000,2,5,5,5,5
1186,1234,1.000000,2,5,5,5,5
1186,1235,1.000000,2,5,5,5,5
1186,1236,1.000000,2,5,5,5,5
1186,1237,1.000000,2,5,5,5,5
1186,1238,1.000000,2,5,5,5,5
1186,1239,1.000000,2,5,5,5,5
1186,1240,1.000000,2,5,5,5,5
1186,1241,1.000000,2,5,5,5,5
1186,1242,1.000000,2,5,5,5,5
1186,1243,1.000000,2,5,5,5,5
1186,1244,1.000000,2,5,5,5,5
1186,1245,1.000000,2,5,5,5,5
1192,1193,1.000000,2,5,5,5,5
1192,1194,1.000000,2,5,5,5,5
1192,1195,1.000000,2,5,5,5,5
1192,1196,1.000000,2,5,5,5,5
1192,1197,1.000000,2,5,5,5,5
1192,1198,1.000000,2,5,5,5,5
1192,1199,1.000000,2,5,5,5,5
1192,1200,1.000000,2,5,5,5,5
1192,1201,1.000000,2,5,5,5,5
1192,1202,1.000000,2,5,5,5,5
1192,1204,1.000000,2,5,5,5,5
1192,1205,1.000000,2,5,5,5,5
1192,1206,1.000000,2,5,5,5,5
1192,1207,1.000000,2,5,5,5,5
1192,1208,1.000000,2,5,5,5,5
1192,1209,1.000000,2,5,5,5,5
1192,1210,1.000000,2,5,5,5,5
1192,1211,1.000000,2,5,5,5,5
1192,1212,1.000000,2,5,5,5,5
1192,1213,1.000000,2,5,5,5,5
1192,1214,1.000000,2,5,5,5,5
1192,1215,1.000000,2,5,5,5,5
1192,1216,1.000000,2,5,5,5,5
1192,1217,1.000000,2,5,5,5,5
1192,1218,1.000000,2,5,5,5,5
1192,1219,1.000000,2,5,5,5,5
1192,1220,1.000000,2,5,5,5,5
1192,1221,1.000000,2,5,5,5,5
1192,1222,1.000000,2,5,5,5,5
1192,1223,1.000000,2,5,5,5,5
1192,1224,1.000000,2,5,5,5,5
1192,1225,1.000000,2,5,5,5,5
1192,1226,1.000000,2,5,5,5,5
1192,1227,1.000000,2,5,5,5,5
1192,1228,1.000000,2,5,5,5,5
1192,1229,1.000000,2,5,5,5,5
1192,1230,1.000000,2,5,5,5,5
1192,1231,1.000000,2,5,5,5,5
1192,1232,1.000000,2,5,5,5,5
1192,1233,1.000000,2,5,5,5,5
1192,1234,1.000000,2,5,5,5,5
1192,1235,1.000000,2,5,5,5,5
1192,1236,1.000000,2,5,5,5,5
1192,1237,1.000000,2,5,5,5,5
1192,1238,1.000000,2,5,5,5,5
1192,1239,1.000000,2,5,5,5,5
1192,1240,1.000000,2,5,5,5,5
1192,1241,1.000000,2,5,5,5,5
1192,1242,1.000000,2,5,5,5,5
1192,1243,1.000000,2,5,5,5,5
1192,1244,1.000000,2,5,5,5,5
1192,1245,1.000000,2,5,5,5,5
1193,1194,1.000000,2,5,5,5,5
1193,1195,1.000000,2,5,5,5,5
1193,1196,1.000000,2,5,5,5,5
1193,1197,1.000000,2,5,5,5,5
1193,1198,1.000000,2,5,5,5,5
1193,1199,1.000000,2,5,5,5,5
1193,1200,1.000000,2,5,5,5,5
1193,1201,1.000000,2,5,5,5,5
1193,1202,1.000000,2,5,5,5,5
1193,1204,1.000000,2,5,5,5,5
1193,1205,1.000000,2,5,5,5,5
1193,1206,1.000000,2,5,5,5,5
1193,1207,1.000000,2,5,5,5,5
1193,1208,1.000000,2,5,5,5,5
1193,1209,1.000000,2,5,5,5,5
1193,1210,1.000000,2,5,5,5,5
1193,1211,1.000000,2,5,5,5,5
1193,1212,1.000000,2,5,5,5,5
1193,1213,1.000000,2,5,5,5,5
1193,1214,1.000000,2,5,5,5,5
1193,1215,1.000000,2,5,5,5,5
1193,1216,1.000000,2,5,5,5,5
1193,1217,1.000000,2,5,5,5,5
1193,1218,1.000000,2,5,5,5,5
1193,1219,1.000000,2,5,5,5,5
1193,1220,1.000000,2,5,5,5,5
1193,1221,1.000000,2,5,5,5,5
1193,1222,1.000000,2,5,5,5,5
1193,1223,1.000000,2,5,5,5,5
1193,1224,1.000000,2,5,5,5,5
1193,1225,1.000000,2,5,5,5,5
1193,1226,1.000000,2,5,5,5,5
1193,1227,1.000000,2,5,5,5,5
1193,1228,1.000000,2,5,5,5,5
1193,1229,1.000000,2,5,5,5,5
1193,1230,1.000000,2,5,5,5,5
1193,1231,1.000000,2,5,5,5,5
1193,1232,1.000000,2,5,5,5,5
1193,1233,1.000000,2,5,5,5,5
1193,1234,1.000000,2,5,5,5,5
1193,1235,1.000000,2,5,5,5,5
1193,1236,1.000000,2,5,5,5,5
1193,1237,1.000000,2,5,5,5,5
1193,1238,1.000000,2,5,5,5,5
1193,1239,1.000000,2,5,5,5,5
1193,1240,1.000000,2,5,5,5,5
1193,1241,1.000000,2,5,5,5,5
1193,1242,1.000000,2,5,5,5,5
1193,1243,1.000000,2,5,5,5,5
1193,1244,1.000000,2,5,5,5,5
1193,1245,1.000000,2,5,5,5,5
1194,1195,1.000000,2,5,5,5,5
1194,1196,1.000000,2,5,5,5,5
1194,1197,1.000000,2,5,5,5,5
1194,1198,1.000000,2,5,5,5,5
1194,1199,1.000000,2,5,5,5,5
1194,1200,1.000000,2,5,5,5,5
1194,1201,1.000000,2,5,5,5,5
1194,1202,1.000000,2,5,5,5,5
1194,1204,1.000000,2,5,5,5,5
1194,1205,1.000000,2,5,5,5,5
1194,1206,1.000000,2,5,5,5,5
1194,1207,1.000000,2,5,5,5,5
1194,1208,1.000000,2,5,5,5,5
1194,1209,1.000000,2,5,5,5,5
1194,1210,1.000000,2,5,5,5,5
1194,1211,1.000000,2,5,5,5,5
1194,1212,1.000000,2,5,5,5,5
1194,1213,1.000000,2,5,5,5,5
1194,1214,1.000000,2,5,5,5,5
1194,1215,1.000000,2,5,5,5,5
1194,1216,1.000000,2,5,5,5,5
1194,1217,1.000000,2,5,5,5,5
1194,1218,1.000000,2,5,5,5,5
1194,1219,1.000000,2,5,5,5,5
1194,1220,1.000000,2,5,5,5,5
1194,1221,1.000000,2,5,5,5,5
1194,1222,1.000000,2,5,5,5,5
1194,1223,1.000000,2,5,5,5,5
1194,1224,1.000000,2,5,5,5,5
1194,1225,1.000000,2,5,5,5,5
1194,1226,1.000000,2,5,5,5,5
1194,1227,1.000000,2,5,5,5,5
1194,1228,1.000000,2,5,5,5,5
1194,1229,1.000000,2,5,5,5,5
1194,1230,1.000000,2,5,5,5,5
1194,1231,1.000000,2,5,5,5,5
1194,1232,1.000000,2,5,5,5,5
1194,1233,1.000000,2,5,5,5,5
1194,1234,1.000000,2,5,5,5,5
1194,1235,1.000000,2,5,5,5,5
1194,1236,1.000000,2,5,5,5,5
1194,1237,1.000000,2,5,5,5,5
1194,1238,1.000000,2,5,5,5,5
1194,1239,1.000000,2,5,5,5,5
1194,1240,1.000000,2,5,5,5,5
1194,1241,1.000000,2,5,5,5,5
1194,1242,1.000000,2,5,5,5,5
1194,1243,1.000000,2,5,5,5,5
1194,1244,1.000000,2,5,5,5,5
1194,1245,1.000000,2,5,5,5,5
1195,1196,1.000000,2,5,5,5,5
1195,1197,1.000000,2,5,5,5,5
1195,1198,1.000000,2,5,5,5,5
1195,1199,1.000000,2,5,5,5,5
1195,1200,1.000000,2,5,5,5,5
1195,1201,1.000000,2,5,5,5,5
1195,1202,1.000000,2,5,5,5,5
1195,1204,1.000000,2,5,5,5,5
1195,1205,1.000000,2,5,5,5,5
1195,1206,1.000000,2,5,5,5,5
1195,1207,1.000000,2,5,5,5,5
1195,1208,1.000000,2,5,5,5,5
1195,1209,1.000000,2,5,5,5,5
1195,1210,1.000000,2,5,5,5,5
1195,1211,1.000000,2,5,5,5,5
1195,1212,1.000000,2,5,5,5,5
1195,1213,1.000000,2,5,5,5,5
1195,1214,1.000000,2,5,5,5,5
1195,1215,1.000000,2,5,5,5,5
1195,1216,1.000000,2,5,5,5,5
1195,1217,1.000000,2,5,5,5,5
1195,1218,1.000000,2,5,5,5,5
1195,1219,1.000000,2,5,5,5,5
1195,1220,1.000000,2,5,5,5,5
1195,1221,1.000000,2,5,5,5,5
1195,1222,1.000000,2,5,5,5,5
1195,1223,1.000000,2,5,5,5,5
1195,1224,1.000000,2,5,5,5,5
1195,1225,1.000000,2,5,5,5,5
1195,1226,1.000000,2,5,5,5,5
1195,1227,1.000000,2,5,5,5,5
1195,1228,1.000000,2,5,5,5,5
1195,1229,1.000000,2,5,5,5,5
1195,1230,1.000000,2,5,5,5,5
1195,1231,1.000000,2,5,5,5,5
1195,1232,1.000000,2,5,5,5,5
1195,1233,1.000000,2,5,5,5,5
1195,1234,1.000000,2,5,5,5,5
1195,1235,1.000000,2,5,5,5,5
1195,1236,1.000000,2,5,5,5,5
1195,1237,1.000000,2,5,5,5,5
1195,1238,1.000000,2,5,5,5,5
1195,1239,1.000000,2,5,5,5,5
1195,1240,1.000000,2,5,5,5,5
1195,1241,1.000000,2,5,5,5,5
1195,1242,1.000000,2,5,5,5,5
1195,1243,1.000000,2,5,5,5,5
1195,1244,1.000000,2,5,5,5,5
1195,1245,1.000000,2,5,5,5,5
1196,1197,1.000000,2,5,5,5,5
1196,1198,1.000000,2,5,5,5,5
1196,1199,1.000000,2,5,5,5,5
1196,1200,1.000000,2,5,5,5,5
1196,1201,1.000000,2,5,5,5,5
1196,1202,1.000000,2,5,5,5,5
1196,1204,1.000000,2,5,5,5,5
1196,1205,1.000000,2,5,5,5,5
1196,1206,1.000000,2,5,5,5,5
1196,1207,1.000000,2,5,5,5,5
1196,1208,1.000000,2,5,5,5,5
1196,1209,1.000000,2,5,5,5,5
1196,1210,1.000000,2,5,5,5,5
1196,1211,1.000000,2,5,5,5,5
1196,1212,1.000000,2,5,5,5,5
1196,1213,1.000000,2,5,5,5,5
1196,1214,1.000000,2,5,5,5,5
1196,1215,1.000000,2,5,5,5,5
1196,1216,1.000000,2,5,5,5,5
1196,1217,1.000000,2,5,5,5,5
1196,1218,1.000000,2,5,5,5,5
1196,1219,1.000000,2,5,5,5,5
1196,1220,1.000000,2,5,5,5,5
1196,1221,1.000000,2,5,5,5,5
1196,1222,1.000000,2,5,5,5,5
1196,1223,1.000000,2,5,5,5,5
1196,1224,1.000000,2,5,5,5,5
1196,1225,1.000000,2,5,5,5,5
1196,1226,1.000000,2,5,5,5,5
1196,1227,1.000000,2,5,5,5,5
1196,1228,1.000000,2,5,5,5,5
1196,1229,1.000000,2,5,5,5,5
1196,1230,1.000000,2,5,5,5,5
1196,1231,1.000000,2,5,5,5,5
1196,1232,1.000000,2,5,5,5,5
1196,1233,1.000000,2,5,5,5,5
1196,1234,1.000000,2,5,5,5,5
1196,1235,1.000000,2,5,5,5,5
1196,1236,1.000000,2,5,5,5,5
1196,1237,1.000000,2,5,5,5,5
1196,1238,1.000000,2,5,5,5,5
1196,1239,1.000000,2,5,5,5,5
1196,1240,1.000000,2,5,5,5,5
1196,1241,1.000000,2,5,5,5,5
1196,1242,1.000000,2,5,5,5,5
1196,1243,1.000000,2,5,5,5,5
1196,1244,1.000000,2,5,5,5,5
1196,1245,1.000000,2,5,5,5,5
1197,1198,1.000000,2,5,5,5,5
1197,1199,1.000000,2,5,5,5,5
1197,1200,1.000000,2,5,5,5,5
1197,1201,1.000000,2,5,5,5,5
1197,1202,1.000000,2,5,5,5,5
1197,1204,1.000000,2,5,5,5,5
1197,1205,1.000000,2,5,5,5,5
1197,1206,1.000000,2,5,5,5,5
1197,1207,1.000000,2,5,5,5,5
1197,1208,1.000000,2,5,5,5,5
1197,1209,1.000000,2,5,5,5,5
1197,1210,1.000000,2,5,5,5,5
1197,1211,1.000000,2,5,5,5,5
1197,1212,1.000000,2,5,5,5,5
1197,1213,1.000000,2,5,5,5,5
1197,1214,1.000000,2,5,5,5,5
1197,1215,1.000000,2,5,5,5,5
1197,1216,1.000000,2,5,5,5,5
1197,1217,1.000000,2,5,5,5,5
1197,1218,1.000000,2,5,5,5,5
1197,1219,1.000000,2,5,5,5,5
1197,1220,1.000000,2,5,5,5,5
1197,1221,1.000000,2,5,5,5,5
1197,1222,1.000000,2,5,5,5,5
1197,1223,1.000000,2,5,5,5,5
1197,1224,1.000000,2,5,5,5,5
1197,1225,1.000000,2,5,5,5,5
1197,1226,1.000000,2,5,5,5,5
1197,1227,1.000000,2,5,5,5,5
1197,1228,1.000000,2,5,5,5,5
1197,1229,1.000000,2,5,5,5,5
1197,1230,1.000000,2,5,5,5,5
1197,1231,1.000000,2,5,5,5,5
1197,1232,1.000000,2,5,5,5,5
1197,1233,1.000000,2,5,5,5,5
1197,1234,1.000000,2,5,5,5,5
1197,1235,1.000000,2,5,5,5,5
1197,1236,1.000000,2,5,5,5,5
1197,1237,1.000000,2,5,5,5,5
1197,1238,1.000000,2,5,5,5,5
1197,1239,1.000000,2,5,5,5,5
1197,1240,1.000000,2,5,5,5,5
1197,1241,1.000000,2,5,5,5,5
1197,1242,1.000000,2,5,5,5,5
1197,1243,1.000000,2,5,5,5,5
1197,1244,1.000000,2,5,5,5,5
1197,1245,1.000000,2,5,5,5,5
1198,1199,1.000000,2,5,5,5,5
1198,1200,1.000000,2,5,5,5,5
1198,1201,1.000000,2,5,5,5,5
1198,1202,1.000000,2,5,5,5,5
1198,1204,1.000000,2,5,5,5,5
1198,1205,1.000000,2,5,5,5,5
1198,1206,1.000000,2,5,5,5,5
1198,1207,1.000000,2,5,5,5,5
1198,1208,1.000000,2,5,5,5,5
1198,1209,1.000000,2,5,5,5,5
1198,1210,1.000000,2,5,5,5,5
1198,1211,1.000000,2,5,5,5,5
1198,1212,1.000000,2,5,5,5,5
1198,1213,1.000000,2,5,5,5,5
1198,1214,1.000000,2,5,5,5,5
1198,1215,1.000000,2,5,5,5,5
1198,1216,1.000000,2,5,5,5,5
1198,1217,1.000000,2,5,5,5,5
1198,1218,1.000000,2,5,5,5,5
1198,1219,1.000000,2,5,5,5,5
1198,1220,1.000000,2,5,5,5,5
1198,1221,1.000000,2,5,5,5,5
1198,1222,1.000000,2,5,5,5,5
1198,1223,1.000000,2,5,5,5,5
1198,1224,1.000000,2,5,5,5,5
1198,1225,1.000000,2,5,5,5,5
1198,1226,1.000000,2,5,5,5,5
1198,1227,1.000000,2,5,5,5,5
1198,1228,1.000000,2,5,5,5,5
1198,1229,1.000000,2,5,5,5,5
1198,1230,1.000000,2,5,5,5,5
1198,1231,1.000000,2,5,5,5,5
1198,1232,1.000000,2,5,5,5,5
1198,1233,1.000000,2,5,5,5,5
1198,1234,1.000000,2,5,5,5,5
1198,1235,1.000000,2,5,5,5,5
1198,1236,1.000000,2,5,5,5,5
1198,1237,1.000000,2,5,5,5,5
1198,1238,1.000000,2,5,5,5,5
1198,1239,1.000000,2,5,5,5,5
1198,1240,1.000000,2,5,5,5,5
1198,1241,1.000000,2,5,5,5,5
1198,1242,1.000000,2,5,5,5,5
1198,1243,1.000000,2,5,5,5,5
1198,1244,1.000000,2,5,5,5,5
1198,1245,1.000000,2,5,5,5,5
1199,1200,1.000000,2,5,5,5,5
1199,1201,1.000000,2,5,5,5,5
1199,1202,1.000000,2,5,5,5,5
1199,1204,1.000000,2,5,5,5,5
1199,1205,1.000000,2,5,5,5,5
1199,1206,1.000000,2,5,5,5,5
1199,1207,1.000000,2,5,5,5,5
1199,1208,1.000000,2,5,5,5,5
1199,1209,1.000000,2,5,5,5,5
1199,1210,1.000000,2,5,5,5,5
1199,1211,1.000000,2,5,5,5,5
1199,1212,1.000000,2,5,5,5,5
1199,1213,1.000000,2,5,5,5,5
1199,1214,1.000000,2,5,5,5,5
1199,1215,1.000000,2,5,5,5,5
1199,1216,1.000000,2,5,5,5,5
1199,1217,1.000000,2,5,5,5,5
1199,1218,1.000000,2,5,5,5,5
1199,1219,1.000000,2,5,5,5,5
1199,1220,1.000000,2,5,5,5,5
1199,1221,1.000000,2,5,5,5,5
1199,1222,1.000000,2,5,5,5,5
1199,1223,1.000000,2,5,5,5,5
1199,1224,1.000000,2,5,5,5,5
1199,1225,1.000000,2,5,5,5,5
1199,1226,1.000000,2,5,5,5,5
1199,1227,1.000000,2,5,5,5,5
1199,1228,1.000000,2,5,5,5,5
1199,1229,1.000000,2,5,5,5,5
1199,1230,1.000000,2,5,5,5,5
1199,1231,1.000000,2,5,5,5,5
1199,1232,1.000000,2,5,5,5,5
1199,1233,1.000000,2,5,5,5,5
1199,1234,1.000000,2,5,5,5,5
1199,1235,1.000000,2,5,5,5,5
1199,1236,1.000000,2,5,5,5,5
1199,1237,1.000000,2,5,5,5,5
1199,1238,1.000000,2,5,5,5,5
1199,1239,1.000000,2,5,5,5,5
1199,1240,1.000000,2,5,5,5,5
1199,1241,1.000000,2,5,5,5,5
1199,1242,1.000000,2,5,5,5,5
1199,1243,1.000000,2,5,5,5,5
1199,1244,1.000000,2,5,5,5,5
1199,1245,1.000000,2,5,5,5,5
1200,1201,1.000000,2,5,5,5,5
1200,1202,1.000000,2,5,5,5,5
1200,1204,1.000000,2,5,5,5,5
1200,1205,1.000000,2,5,5,5,5
1200,1206,1.000000,2,5,5,5,5
1200,1207,1.000000,2,5,5,5,5
1200,1208,1.000000,2,5,5,5,5
1200,1209,1.000000,2,5,5,5,5
1200,1210,1.000000,2,5,5,5,5
1200,1211,1.000000,2,5,5,5,5
1200,1212,1.000000,2,5,5,5,5
1200,1213,1.000000,2,5,5,5,5
1200,1214,1.000000,2,5,5,5,5
1200,1215,1.000000,2,5,5,5,5
1200,1216,1.000000,2,5,5,5,5
1200,1217,1.000000,2,5,5,5,5
1200,1218,1.000000,2,5,5,5,5
1200,1219,1.000000,2,5,5,5,5
1200,1220,1.000000,2,5,5,5,5
1200,1221,1.000000,2,5,5,5,5
1200,1222,1.000000,2,5,5,5,5
1200,1223,1.000000,2,5,5,5,5
1200,1224,1.000000,2,5,5,5,5
1200,1225,1.000000,2,5,5,5,5
1200,1226,1.000000,2,5,5,5,5
1200,1227,1.000000,2,5,5,5,5
1200,1228,1.000000,2,5,5,5,5
1200,1229,1.000000,2,5,5,5,5
1200,1230,1.000000,2,5,5,5,5
1200,1231,1.000000,2,5,5,5,5
1200,1232,1.000000,2,5,5,5,5
1200,1233,1.000000,2,5,5,5,5
1200,1234,1.000000,2,5,5,5,5
1200,1235,1.000000,2,5,5,5,5
1200,1236,1.000000,2,5,5,5,5
1200,1237,1.000000,2,5,5,5,5
1200,1238,1.000000,2,5,5,5,5
1200,1239,1.000000,2,5,5,5,5
1200,1240,1.000000,2,5,5,5,5
1200,1241,1.000000,2,5,5,5,5
1200,1242,1.000000,2,5,5,5,5
1200,1243,1.000000,2,5,5,5,5
1200,1244,1.000000,2,5,5,5,5
1200,1245,1.000000,2,5,5,5,5
1201,1202,1.000000,2,5,5,5,5
1201,1204,1.000000,2,5,5,5,5
1201,1205,1.000000,2,5,5,5,5
1201,1206,1.000000,2,5,5,5,5
1201,1207,1.000000,2,5,5,5,5
1201,1208,1.000000,2,5,5,5,5
1201,1209,1.000000,2,5,5,5,5
1201,1210,1.000000,2,5,5,5,5
1201,1211,1.000000,2,5,5,5,5
1201,1212,1.000000,2,5,5,5,5
1201,1213,1.000000,2,5,5,5,5
1201,1214,1.000000,2,5,5,5,5
1201,1215,1.000000,2,5,5,5,5
1201,1216,1.000000,2,5,5,5,5
1201,1217,1.000000,2,5,5,5,5
1201,1218,1.000000,2,5,5,5,5
1201,1219,1.000000,2,5,5,5,5
1201,1220,1.000000,2,5,5,5,5
1201,1221,1.000000,2,5,5,5,5
1201,1222,1.000000,2,5,5,5,5
1201,1223,1.000000,2,5,5,5,5
1201,1224,1.000000,2,5,5,5,5
1201,1225,1.000000,2,5,5,5,5
1201,1226,1.000000,2,5,5,5,5
1201,1227,1.000000,2,5,5,5,5
1201,1228,1.000000,2,5,5,5,5
1201,1229,1.000000,2,5,5,5,5
1201,1230,1.000000,2,5,5,5,5
1201,1231,1.000000,2,5,5,5,5
1201,1232,1.000000,2,5,5,5,5
1201,1233,1.000000,2,5,5,5,5
1201,1234,1.000000,2,5,5,5,5
1201,1235,1.000000,2,5,5,5,5
1201,1236,1.000000,2,5,5,5,5
1201,1237,1.000000,2,5,5,5,5
1201,1238,1.000000,2,5,5,5,5
1201,1239,1.000000,2,5,5,5,5
1201,1240,1.000000,2,5,5,5,5
1201,1241,1.000000,2,5,5,5,5
1201,1242,1.000000,2,5,5,5,5
1201,1243,1.000000,2,5,5,5,5
1201,1244,1.000000,2,5,5,5,5
1201,1245,1.000000,2,5,5,5,5
1202,1204,1.000000,2,5,5,5,5
1202,1205,1.000000,2,5,5,5,5
1202,1206,1.000000,2,5,5,5,5
1202,1207,1.000000,2,5,5,5,5
1202,1208,1.000000,2,5,5,5,5
1202,1209,1.000000,2,5,5,5,5
1202,1210,1.000000,2,5,5,5,5
1202,1211,1.000000,2,5,5,5,5
1202,1212,1.000000,2,5,5,5,5
1202,1213,1.000000,2,5,5,5,5
1202,1214,1.000000,2,5,5,5,5
1202,1215,1.000000,2,5,5,5,5
1202,1216,1.000000,2,5,5,5,5
1202,1217,1.000000,2,5,5,5,5
1202,1218,1.000000,2,5,5,5,5
1202,1219,1.000000,2,5,5,5,5
1202,1220,1.000000,2,5,5,5,5
1202,1221,1.000000,2,5,5,5,5
1202,1222,1.000000,2,5,5,5,5
1202,1223,1.000000,2,5,5,5,5
1202,1224,1.000000,2,5,5,5,5
1202,1225,1.000000,2,5,5,5,5
1202,1226,1.000000,2,5,5,5,5
1202,1227,1.000000,2,5,5,5,5
1202,1228,1.000000,2,5,5,5,5
1202,1229,1.000000,2,5,5,5,5
1202,1230,1.000000,2,5,5,5,5
1202,1231,1.000000,2,5,5,5,5
1202,1232,1.000000,2,5,5,5,5
1202,1233,1.000000,2,5,5,5,5
1202,1234,1.000000,2,5,5,5,5
1202,1235,1.000000,2,5,5,5,5
1202,1236,1.000000,2,5,5,5,5
1202,1237,1.000000,2,5,5,5,5
1202,1238,1.000000,2,5,5,5,5
1202,1239,1.000000,2,5,5,5,5
1202,1240,1.000000,2,5,5,5,5
1202,1241,1.000000,2,5,5,5,5
1202,1242,1.000000,2,5,5,5,5
1202,1243,1.000000,2,5,5,5,5
1202,1244,1.000000,2,5,5,5,5
1202,1245,1.000000,2,5,5,5,5
1204,1205,1.000000,2,5,5,5,5
1204,1206,1.000000,2,5,5,5,5
1204,1207,1.000000,2,5,5,5,5
1204,1208,1.000000,2,5,5,5,5
1204,1209,1.000000,2,5,5,5,5
1204,1210,1.000000,2,5,5,5,5
1204,1211,1.000000,2,5,5,5,5
1204,1212,1.000000,2,5,5,5,5
1204,1213,1.000000,2,5,5,5,5
1204,1214,1.000000,2,5,5,5,5
1204,1215,1.000000,2,5,5,5,5
1204,1216,1.000000,2,5,5,5,5
1204,1217,1.000000,2,5,5,5,5
1204,1218,1.000000,2,5,5,5,5
1204,1219,1.000000,2,5,5,5,5
1204,1220,1.000000,2,5,5,5,5
1204,1221,1.000000,2,5,5,5,5
1204,1222,1.000000,2,5,5,5,5
1204,1223,1.000000,2,5,5,5,5
1204,1224,1.000000,2,5,5,5,5
1204,1225,1.000000,2,5,5,5,5
1204,1226,1.000000,2,5,5,5,5
1204,1227,1.000000,2,5,5,5,5
1204,1228,1.000000,2,5,5,5,5
1204,1229,1.000000,2,5,5,5,5
1204,1230,1.000000,2,5,5,5,5
1204,1231,1.000000,2,5,5,5,5
1204,1232,1.000000,2,5,5,5,5
1204,1233,1.000000,2,5,5,5,5
1204,1234,1.000000,2,5,5,5,5
1204,1235,1.000000,2,5,5,5,5
1204,1236,1.000000,2,5,5,5,5
1204,1237,1.000000,2,5,5,5,5
1204,1238,1.000000,2,5,5,5,5
1204,1239,1.000000,2,5,5,5,5
1204,1240,1.000000,2,5,5,5,5
1204,1241,1.000000,2,5,5,5,5
1204,1242,1.000000,2,5,5,5,5
1204,1243,1.000000,2,5,5,5,5
1204,1244,1.000000,2,5,5,5,5
1204,1245,1.000000,2,5,5,5,5
1205,1206,1.000000,2,5,5,5,5
1205,1207,1.000000,2,5,5,5,5
1205,1208,1.000000,2,5,5,5,5
1205,1209,1.000000,2,5,5,5,5
1205,1210,1.000000,2,5,5,5,5
1205,1211,1.000000,2,5,5,5,5
1205,1212,1.000000,2,5,5,5,5
1205,1213,1.000000,2,5,5,5,5
1205,1214,1.000000,2,5,5,5,5
1205,1215,1.000000,2,5,5,5,5
1205,1216,1.000000,2,5,5,5,5
1205,1217,1.000000,2,5,5,5,5
1205,1218,1.000000,2,5,5,5,5
1205,1219,1.000000,2,5,5,5,5
1205,1220,1.000000,2,5,5,5,5
1205,1221,1.000000,2,5,5,5,5
1205,1222,1.000000,2,5,5,5,5
1205,1223,1.000000,2,5,5,5,5
1205,1224,1.000000,2,5,5,5,5
1205,1225,1.000000,2,5,5,5,5
1205,1226,1.000000,2,5,5,5,5
1205,1227,1.000000,2,5,5,5,5
1205,1228,1.000000,2,5,5,5,5
1205,1229,1.000000,2,5,5,5,5
1205,1230,1.000000,2,5,5,5,5
1205,1231,1.000000,2,5,5,5,5
1205,1232,1.000000,2,5,5,5,5
1205,1233,1.000000,2,5,5,5,5
1205,1234,1.000000,2,5,5,5,5
1205,1235,1.000000,2,5,5,5,5
1205,1236,1.000000,2,5,5,5,5
1205,1237,1.000000,2,5,5,5,5
1205,1238,1.000000,2,5,5,5,5
1205,1239,1.000000,2,5,5,5,5
1205,1240,1.000000,2,5,5,5,5
1205,1241,1.000000,2,5,5,5,5
1205,1242,1.000000,2,5,5,5,5
1205,1243,1.000000,2,5,5,5,5
1205,1244,1.000000,2,5,5,5,5
1205,1245,1.000000,2,5,5,5,5
1206,1207,1.000000,2,5,5,5,5
1206,1208,1.000000,2,5,5,5,5
1206,1209,1.000000,2,5,5,5,5
1206,1210,1.000000,2,5,5,5,5
1206,1211,1.000000,2,5,5,5,5
1206,1212,1.000000,2,5,5,5,5
1206,1213,1.000000,2,5,5,5,5
1206,1214,1.000000,2,5,5,5,5
1206,1215,1.000000,2,5,5,5,5
1206,1216,1.000000,2,5,5,5,5
1206,1217,1.000000,2,5,5,5,5
1206,1218,1.000000,2,5,5,5,5
1206,1219,1.000000,2,5,5,5,5
1206,1220,1.000000,2,5,5,5,5
1206,1221,1.000000,2,5,5,5,5
1206,1222,1.000000,2,5,5,5,5
1206,1223,1.000000,2,5,5,5,5
1206,1224,1.000000,2,5,5,5,5
1206,1225,1.000000,2,5,5,5,5
1206,1226,1.000000,2,5,5,5,5
1206,1227,1.000000,2,5,5,5,5
1206,1228,1.000000,2,5,5,5,5
1206,1229,1.000000,2,5,5,5,5
1206,1230,1.000000,2,5,5,5,5
1206,1231,1.000000,2,5,5,5,5
1206,1232,1.000000,2,5,5,5,5
1206,1233,1.000000,2,5,5,5,5
1206,1234,1.000000,2,5,5,5,5
1206,1235,1.000000,2,5,5,5,5
1206,1236,1.000000,2,5,5,5,5
1206,1237,1.000000,2,5,5,5,5
1206,1238,1.000000,2,5,5,5,5
1206,1239,1.000000,2,5,5,5,5
1206,1240,1.000000,2,5,5,5,5
1206,1241,1.000000,2,5,5,5,5
1206,1242,1.000000,2,5,5,5,5
1206,1243,1.000000,2,5,5,5,5
1206,1244,1.000000,2,5,5,5,5
1206,1245,1.000000,2,5,5,5,5
1207,1208,1.000000,2,5,5,5,5
1207,1209,1.000000,2,5,5,5,5
1207,1210,1.000000,2,5,5,5,5
1207,1211,1.000000,2,5,5,5,5
1207,1212,1.000000,2,5,5,5,5
1207,1213,1.000000,2,5,5,5,5
1207,1214,1.000000,2,5,5,5,5
1207,1215,1.000000,2,5,5,5,5
1207,1216,1.000000,2,5,5,5,5
1207,1217,1.000000,2,5,5,5,5
1207,1218,1.000000,2,5,5,5,5
1207,1219,1.000000,2,5,5,5,5
1207,1220,1.000000,2,5,5,5,5
1207,1221,1.000000,2,5,5,5,5
1207,1222,1.000000,2,5,5,5,5
1207,1223,1.000000,2,5,5,5,5
1207,1224,1.000000,2,5,5,5,5
1207,1225,1.000000,2,5,5,5,5
1207,1226,1.000000,2,5,5,5,5
1207,1227,1.000000,2,5,5,5,5
1207,1228,1.000000,2,5,5,5,5
1207,1229,1.000000,2,5,5,5,5
1207,1230,1.000000,2,5,5,5,5
1207,1231,1.000000,2,5,5,5,5
1207,1232,1.000000,2,5,5,5,5
1207,1233,1.000000,2,5,5,5,5
1207,1234,1.000000,2,5,5,5,5
1207,1235,1.000000,2,5,5,5,5
1207,1236,1.000000,2,5,5,5,5
1207,1237,1.000000,2,5,5,5,5
1207,1238,1.000000,2,5,5,5,5
1207,1239,1.000000,2,5,5,5,5
1207,1240,1.000000,2,5,5,5,5
1207,1241,1.000000,2,5,5,5,5
1207,1242,1.000000,2,5,5,5,5
1207,1243,1.000000,2,5,5,5,5
1207,1244,1.000000,2,5,5,5,5
1207,1245,1.000000,2,5,5,5,5
1208,1209,1.000000,2,5,5,5,5
1208,1210,1.000000,2,5,5,5,5
1208,1211,1.000000,2,5,5,5,5
1208,1212,1.000000,2,5,5,5,5
1208,1213,1.000000,2,5,5,5,5
1208,1214,1.000000,2,5,5,5,5
1208,1215,1.000000,2,5,5,5,5
1208,1216,1.000000,2,5,5,5,5
1208,1217,1.000000,2,5,5,5,5
1208,1218,1.000000,2,5,5,5,5
1208,1219,1.000000,2,5,5,5,5
1208,1220,1.000000,2,5,5,5,5
1208,1221,1.000000,2,5,5,5,5
1208,1222,1.000000,2,5,5,5,5
1208,1223,1.000000,2,5,5,5,5
1208,1224,1.000000,2,5,5,5,5
1208,1225,1.000000,2,5,5,5,5
1208,1226,1.000000,2,5,5,5,5
1208,1227,1.000000,2,5,5,5,5
1208,1228,1.000000,2,5,5,5,5
1208,1229,1.000000,2,5,5,5,5
1208,1230,1.000000,2,5,5,5,5
1208,1231,1.000000,2,5,5,5,5
1208,1232,1.000000,2,5,5,5,5
1208,1233,1.000000,2,5,5,5,5
1208,1234,1.000000,2,5,5,5,5
1208,1235,1.000000,2,5,5,5,5
1208,1236,1.000000,2,5,5,5,5
1208,1237,1.000000,2,5,5,5,5
1208,1238,1.000000,2,5,5,5,5
1208,1239,1.000000,2,5,5,5,5
1208,1240,1.000000,2,5,5,5,5
1208,1241,1.000000,2,5,5,5,5
1208,1242,1.000000,2,5,5,5,5
1208,1243,1.000000,2,5,5,5,5
1208,1244,1.000000,2,5,5,5,5
1208,1245,1.000000,2,5,5,5,5
1209,1210,1.000000,2,5,5,5,5
1209,1211,1.000000,2,5,5,5,5
1209,1212,1.000000,2,5,5,5,5
1209,1213,1.000000,2,5,5,5,5
1209,1214,1.000000,2,5,5,5,5
1209,1215,1.000000,2,5,5,5,5
1209,1216,1.000000,2,5,5,5,5
1209,1217,1.000000,2,5,5,5,5
1209,1218,1.000000,2,5,5,5,5
1209,1219,1.000000,2,5,5,5,5
1209,1220,1.000000,2,5,5,5,5
1209,1221,1.000000,2,5,5,5,5
1209,1222,1.000000,2,5,5,5,5
1209,1223,1.000000,2,5,5,5,5
1209,1224,1.000000,2,5,5,5,5
1209,1225,1.000000,2,5,5,5,5
1209,1226,1.000000,2,5,5,5,5
1209,1227,1.000000,2,5,5,5,5
1209,1228,1.000000,2,5,5,5,5
1209,1229,1.000000,2,5,5,5,5
1209,1230,1.000000,2,5,5,5,5
1209,1231,1.000000,2,5,5,5,5
1209,1232,1.000000,2,5,5,5,5
1209,1233,1.000000,2,5,5,5,5
1209,1234,1.000000,2,5,5,5,5
1209,1235,1.000000,2,5,5,5,5
1209,1236,1.000000,2,5,5,5,5
1209,1237,1.000000,2,5,5,5,5
1209,1238,1.000000,2,5,5,5,5
1209,1239,1.000000,2,5,5,5,5
1209,1240,1.000000,2,5,5,5,5
1209,1241,1.000000,2,5,5,5,5
1209,1242,1.000000,2,5,5,5,5
1209,1243,1.000000,2,5,5,5,5
1209,1244,1.000000,2,5,5,5,5
1209,1245,1.000000,2,5,5,5,5
1210,1211,1.000000,2,5,5,5,5
1210,1212,1.000000,2,5,5,5,5
1210,1213,1.000000,2,5,5,5,5
1210,1214,1.000000,2,5,5,5,5
1210,1215,1.000000,2,5,5,5,5
1210,1216,1.000000,2,5,5,5,5
1210,1217,1.000000,2,5,5,5,5
1210,1218,1.000000,2,5,5,5,5
1210,1219,1.000000,2,5,5,5,5
1210,1220,1.000000,2,5,5,5,5
1210,1221,1.000000,2,5,5,5,5
1210,1222,1.000000,2,5,5,5,5
1210,1223,1.000000,2,5,5,5,5
1210,1224,1.000000,2,5,5,5,5
1210,1225,1.000000,2,5,5,5,5
1210,1226,1.000000,2,5,5,5,5
1210,1227,1.000000,2,5,5,5,5
1210,1228,1.000000,2,5,5,5,5
1210,1229,1.000000,2,5,5,5,5
1210,1230,1.000000,2,5,5,5,5
1210,1231,1.000000,2,5,5,5,5
1210,1232,1.000000,2,5,5,5,5
1210,1233,1.000000,2,5,5,5,5
1210,1234,1.000000,2,5,5,5,5
1210,1235,1.000000,2,5,5,5,5
1210,1236,1.000000,2,5,5,5,5
1210,1237,1.000000,2,5,5,5,5
1210,1238,1.000000,2,5,5,5,5
1210,1239,1.000000,2,5,5,5,5
1210,1240,1.000000,2,5,5,5,5
1210,1241,1.000000,2,5,5,5,5
1210,1242,1.000000,2,5,5,5,5
1210,1243,1.000000,2,5,5,5,5
1210,1244,1.000000,2,5,5,5,5
1210,1245,1.000000,2,5,5,5,5
1211,1212,1.000000,2,5,5,5,5
1211,1213,1.000000,2,5,5,5,5
1211,1214,1.000000,2,5,5,5,5
1211,1215,1.000000,2,5,5,5,5
1211,1216,1.000000,2,5,5,5,5
1211,1217,1.000000,2,5,5,5,5
1211,1218,1.000000,2,5,5,5,5
1211,1219,1.000000,2,5,5,5,5
1211,1220,1.000000,2,5,5,5,5
1211,1221,1.000000,2,5,5,5,5
1211,1222,1.000000,2,5,5,5,5
1211,1223,1.000000,2,5,5,5,5
1211,1224,1.000000,2,5,5,5,5
1211,1225,1.000000,2,5,5,5,5
1211,1226,1.000000,2,5,5,5,5
1211,1227,1.000000,2,5,5,5,5
1211,1228,1.000000,2,5,5,5,5
1211,1229,1.000000,2,5,5,5,5
1211,1230,1.000000,2,5,5,5,5
1211,1231,1.000000,2,5,5,5,5
1211,1232,1.000000,2,5,5,5,5
1211,1233,1.000000,2,5,5,5,5
1211,1234,1.000000,2,5,5,5,5
1211,1235,1.000000,2,5,5,5,5
1211,1236,1.000000,2,5,5,5,5
1211,1237,1.000000,2,5,5,5,5
1211,1238,1.000000,2,5,5,5,5
1211,1239,1.000000,2,5,5,5,5
1211,1240,1.000000,2,5,5,5,5
1211,1241,1.000000,2,5,5,5,5
1211,1242,1.000000,2,5,5,5,5
1211,1243,1.000000,2,5,5,5,5
1211,1244,1.000000,2,5,5,5,5
1211,1245,1.000000,2,5,5,5,5
1212,1213,1.000000,2,5,5,5,5
1212,1214,1.000000,2,5,5,5,5
1212,1215,1.000000,2,5,5,5,5
1212,1216,1.000000,2,5,5,5,5
1212,1217,1.000000,2,5,5,5,5
1212,1218,1.000000,2,5,5,5,5
1212,1219,1.000000,2,5,5,5,5
1212,1220,1.000000,2,5,5,5,5
1212,1221,1.000000,2,5,5,5,5
1212,1222,1.000000,2,5,5,5,5
1212,1223,1.000000,2,5,5,5,5
1212,1224,1.000000,2,5,5,5,5
1212,1225,1.000000,2,5,5,5,5
1212,1226,1.000000,2,5,5,5,5
1212,1227,1.000000,2,5,5,5,5
1212,1228,1.000000,2,5,5,5,5
1212,1229,1.000000,2,5,5,5,5
1212,1230,1.000000,2,5,5,5,5
1212,1231,1.000000,2,5,5,5,5
1212,1232,1.000000,2,5,5,5,5
1212,1233,1.000000,2,5,5,5,5
1212,1234,1.000000,2,5,5,5,5
1212,1235,1.000000,2,5,5,5,5
1212,1236,1.000000,2,5,5,5,5
1212,1237,1.000000,2,5,5,5,5
1212,1238,1.000000,2,5,5,5,5
1212,1239,1.000000,2,5,5,5,5
1212,1240,1.000000,2,5,5,5,5
1212,1241,1.000000,2,5,5,5,5
1212,1242,1.000000,2,5,5,5,5
1212,1243,1.000000,2,5,5,5,5
1212,1244,1.000000,2,5,5,5,5
1212,1245,1.000000,2,5,5,5,5
1213,1214,1.000000,2,5,5,5,5
1213,1215,1.000000,2,5,5,5,5
1213,1216,1.000000,2,5,5,5,5
1213,1217,1.000000,2,5,5,5,5
1213,1218,1.000000,2,5,5,5,5
1213,1219,1.000000,2,5,5,5,5
1213,1220,1.000000,2,5,5,5,5
1213,1221,1.000000,2,5,5,5,5
1213,1222,1.000000,2,5,5,5,5
1213,1223,1.000000,2,5,5,5,5
1213,1224,1.000000,2,5,5,5,5
1213,1225,1.000000,2,5,5,5,5
1213,1226,1.000000,2,5,5,5,5
1213,1227,1.000000,2,5,5,5,5
1213,1228,1.000000,2,5,5,5,5
1213,1229,1.000000,2,5,5,5,5
1213,1230,1.000000,2,5,5,5,5
1213,1231,1.000000,2,5,5,5,5
1213,1232,1.000000,2,5,5,5,5
1213,1233,1.000000,2,5,5,5,5
1213,1234,1.000000,2,5,5,5,5
1213,1235,1.000000,2,5,5,5,5
1213,1236,1.000000,2,5,5,5,5
1213,1237,1.000000,2,5,5,5,5
1213,1238,1.000000,2,5,5,5,5
1213,1239,1.000000,2,5,5,5,5
1213,1240,1.000000,2,5,5,5,5
1213,1241,1.000000,2,5,5,5,5
1213,1242,1.000000,2,5,5,5,5
1213,1243,1.000000,2,5,5,5,5
1213,1244,1.000000,2,5,5,5,5
1213,1245,1.000000,2,5,5,5,5
1214,1215,1.000000,2,5,5,5,5
1214,1216,1.000000,2,5,5,5,5
1214,1217,1.000000,2,5,5,5,5
1214,1218,1.000000,2,5,5,5,5
1214,1219,1.000000,2,5,5,5,5
1214,1220,1.000000,2,5,5,5,5
1214,1221,1.000000,2,5,5,5,5
1214,1222,1.000000,2,5,5,5,5
1214,1223,1.000000,2,5,5,5,5
1214,1224,1.000000,2,5,5,5,5
1214,1225,1.000000,2,5,5,5,5
1214,1226,1.000000,2,5,5,5,5
1214,1227,1.000000,2,5,5,5,5
1214,1228,1.000000,2,5,5,5,5
1214,1229,1.000000,2,5,5,5,5
1214,1230,1.000000,2,5,5,5,5
1214,1231,1.000000,2,5,5,5,5
1214,1232,1.000000,2,5,5,5,5
1214,1233,1.000000,2,5,5,5,5
1214,1234,1.000000,2,5,5,5,5
1214,1235,1.000000,2,5,5,5,5
1214,1236,1.000000,2,5,5,5,5
1214,1237,1.000000,2,5,5,5,5
1214,1238,1.000000,2,5,5,5,5
1214,1239,1.000000,2,5,5,5,5
1214,1240,1.000000,2,5,5,5,5
1214,1241,1.000000,2,5,5,5,5
1214,1242,1.000000,2,5,5,5,5
1214,1243,1.000000,2,5,5,5,5
1214,1244,1.000000,2,5,5,5,5
1214,1245,1.000000,2,5,5,5,5
1215,1216,1.000000,2,5,5,5,5
1215,1217,1.000000,2,5,5,5,5
1215,1218,1.000000,2,5,5,5,5
1215,1219,1.000000,2,5,5,5,5
1215,1220,1.000000,2,5,5,5,5
1215,1221,1.000000,2,5,5,5,5
1215,1222,1.000000,2,5,5,5,5
1215,1223,1.000000,2,5,5,5,5
1215,1224,1.000000,2,5,5,5,5
1215,1225,1.000000,2,5,5,5,5
1215,1226,1.000000,2,5,5,5,5
1215,1227,1.000000,2,5,5,5,5
1215,1228,1.000000,2,5,5,5,5
1215,1229,1.000000,2,5,5,5,5
1215,1230,1.000000,2,5,5,5,5
1215,1231,1.000000,2,5,5,5,5
1215,1232,1.000000,2,5,5,5,5
1215,1233,1.000000,2,5,5,5,5
1215,1234,1.000000,2,5,5,5,5
1215,1235,1.000000,2,5,5,5,5
1215,1236,1.000000,2,5,5,5,5
1215,1237,1.000000,2,5,5,5,5
1215,1238,1.000000,2,5,5,5,5
1215,1239,1.000000,2,5,5,5,5
1215,1240,1.000000,2,5,5,5,5
1215,1241,1.000000,2,5,5,5,5
1215,1242,1.000000,2,5,5,5,5
1215,1243,1.000000,2,5,5,5,5
1215,1244,1.000000,2,5,5,5,5
1215,1245,1.000000,2,5,5,5,5
1216,1217,1.000000,2,5,5,5,5
1216,1218,1.000000,2,5,5,5,5
1216,1219,1.000000,2,5,5,5,5
1216,1220,1.000000,2,5,5,5,5
1216,1221,1.000000,2,5,5,5,5
1216,1222,1.000000,2,5,5,5,5
1216,1223,1.000000,2,5,5,5,5
1216,1224,1.000000,2,5,5,5,5
1216,1225,1.000000,2,5,5,5,5
1216,1226,1.000000,2,5,5,5,5
1216,1227,1.000000,2,5,5,5,5
1216,1228,1.000000,2,5,5,5,5
1216,1229,1.000000,2,5,5,5,5
1216,1230,1.000000,2,5,5,5,5
1216,1231,1.000000,2,5,5,5,5
1216,1232,1.000000,2,5,5,5,5
1216,1233,1.000000,2,5,5,5,5
1216,1234,1.000000,2,5,5,5,5
1216,1235,1.000000,2,5,5,5,5
1216,1236,1.000000,2,5,5,5,5
1216,1237,1.000000,2,5,5,5,5
1216,1238,1.000000,2,5,5,5,5
1216,1239,1.000000,2,5,5,5,5
1216,1240,1.000000,2,5,5,5,5
1216,1241,1.000000,2,5,5,5,5
1216,1242,1.000000,2,5,5,5,5
1216,1243,1.000000,2,5,5,5,5
1216,1244,1.000000,2,5,5,5,5
1216,1245,1.000000,2,5,5,5,5
1217,1218,1.000000,2,5,5,5,5
1217,1219,1.000000,2,5,5,5,5
1217,1220,1.000000,2,5,5,5,5
1217,1221,1.000000,2,5,5,5,5
1217,1222,1.000000,2,5,5,5,5
1217,1223,1.000000,2,5,5,5,5
1217,1224,1.000000,2,5,5,5,5
1217,1225,1.000000,2,5,5,5,5
1217,1226,1.000000,2,5,5,5,5
1217,1227,1.000000,2,5,5,5,5
1217,1228,1.000000,2,5,5,5,5
1217,1229,1.000000,2,5,5,5,5
1217,1230,1.000000,2,5,5,5,5
1217,1231,1.000000,2,5,5,5,5
1217,1232,1.000000,2,5,5,5,5
1217,1233,1.000000,2,5,5,5,5
1217,1234,1.000000,2,5,5,5,5
1217,1235,1.000000,2,5,5,5,5
1217,1236,1.000000,2,5,5,5,5
1217,1237,1.000000,2,5,5,5,5
1217,1238,1.000000,2,5,5,5,5
1217,1239,1.000000,2,5,5,5,5
1217,1240,1.000000,2,5,5,5,5
1217,1241,1.000000,2,5,5,5,5
1217,1242,1.000000,2,5,5,5,5
1217,1243,1.000000,2,5,5,5,5
1217,1244,1.000000,2,5,5,5,5
1217,1245,1.000000,2,5,5,5,5
1218,1219,1.000000,2,5,5,5,5
1218,1220,1.000000,2,5,5,5,5
1218,1221,1.000000,2,5,5,5,5
1218,1222,1.000000,2,5,5,5,5
1218,1223,1.000000,2,5,5,5,5
1218,1224,1.000000,2,5,5,5,5
1218,1225,1.000000,2,5,5,5,5
1218,1226,1.000000,2,5,5,5,5
1218,1227,1.000000,2,5,5,5,5
1218,1228,1.000000,2,5,5,5,5
1218,1229,1.000000,2,5,5,5,5
1218,1230,1.000000,2,5,5,5,5
1218,1231,1.000000,2,5,5,5,5
1218,1232,1.000000,2,5,5,5,5
1218,1233,1.000000,2,5,5,5,5
1218,1234,1.000000,2,5,5,5,5
1218,1235,1.000000,2,5,5,5,5
1218,1236,1.000000,2,5,5,5,5
1218,1237,1.000000,2,5,5,5,5
1218,1238,1.000000,2,5,5,5,5
1218,1239,1.000000,2,5,5,5,5
1218,1240,1.000000,2,5,5,5,5
1218,1241,1.000000,2,5,5,5,5
1218,1242,1.000000,2,5,5,5,5
1218,1243,1.000000,2,5,5,5,5
1218,1244,1.000000,2,5,5,5,5
1218,1245,1.000000,2,5,5,5,5
1219,1220,1.000000,2,5,5,5,5
1219,1221,1.000000,2,5,5,5,5
1219,1222,1.000000,2,5,5,5,5
1219,1223,1.000000,2,5,5,5,5
1219,1224,1.000000,2,5,5,5,5
1219,1225,1.000000,2,5,5,5,5
1219,1226,1.000000,2,5,5,5,5
1219,1227,1.000000,2,5,5,5,5
1219,1228,1.000000,2,5,5,5,5
1219,1229,1.000000,2,5,5,5,5
1219,1230,1.000000,2,5,5,5,5
1219,1231,1.000000,2,5,5,5,5
1219,1232,1.000000,2,5,5,5,5
1219,1233,1.000000,2,5,5,5,5
1219,1234,1.000000,2,5,5,5,5
1219,1235,1.000000,2,5,5,5,5
1219,1236,1.000000,2,5,5,5,5
1219,1237,1.000000,2,5,5,5,5
1219,1238,1.000000,2,5,5,5,5
1219,1239,1.000000,2,5,5,5,5
1219,1240,1.000000,2,5,5,5,5
1219,1241,1.000000,2,5,5,5,5
1219,1242,1.000000,2,5,5,5,5
1219,1243,1.000000,2,5,5,5,5
1219,1244,1.000000,2,5,5,5,5
1219,1245,1.000000,2,5,5,5,5
1220,1221,1.000000,2,5,5,5,5
1220,1222,1.000000,2,5,5,5,5
1220,1223,1.000000,2,5,5,5,5
1220,1224,1.000000,2,5,5,5,5
1220,1225,1.000000,2,5,5,5,5
1220,1226,1.000000,2,5,5,5,5
1220,1227,1.000000,2,5,5,5,5
1220,1228,1.000000,2,5,5,5,5
1220,1229,1.000000,2,5,5,5,5
1220,1230,1.000000,2,5,5,5,5
1220,1231,1.000000,2,5,5,5,5
1220,1232,1.000000,2,5,5,5,5
1220,1233,1.000000,2,5,5,5,5
1220,1234,1.000000,2,5,5,5,5
1220,1235,1.000000,2,5,5,5,5
1220,1236,1.000000,2,5,5,5,5
1220,1237,1.000000,2,5,5,5,5
1220,1238,1.000000,2,5,5,5,5
1220,1239,1.000000,2,5,5,5,5
1220,1240,1.000000,2,5,5,5,5
1220,1241,1.000000,2,5,5,5,5
1220,1242,1.000000,2,5,5,5,5
1220,1243,1.000000,2,5,5,5,5
1220,1244,1.000000,2,5,5,5,5
1220,1245,1.000000,2,5,5,5,5
1221,1222,1.000000,2,5,5,5,5
1221,1223,1.000000,2,5,5,5,5
1221,1224,1.000000,2,5,5,5,5
1221,1225,1.000000,2,5,5,5,5
1221,1226,1.000000,2,5,5,5,5
1221,1227,1.000000,2,5,5,5,5
1221,1228,1.000000,2,5,5,5,5
1221,1229,1.000000,2,5,5,5,5
1221,1230,1.000000,2,5,5,5,5
1221,1231,1.000000,2,5,5,5,5
1221,1232,1.000000,2,5,5,5,5
1221,1233,1.000000,2,5,5,5,5
1221,1234,1.000000,2,5,5,5,5
1221,1235,1.000000,2,5,5,5,5
1221,1236,1.000000,2,5,5,5,5
1221,1237,1.000000,2,5,5,5,5
1221,1238,1.000000,2,5,5,5,5
1221,1239,1.000000,2,5,5,5,5
1221,1240,1.000000,2,5,5,5,5
1221,1241,1.000000,2,5,5,5,5
1221,1242,1.000000,2,5,5,5,5
1221,1243,1.000000,2,5,5,5,5
1221,1244,1.000000,2,5,5,5,5
1221,1245,1.000000,2,5,5,5,5
1222,1223,1.000000,2,5,5,5,5
1222,1224,1.000000,2,5,5,5,5
1222,1225,1.000000,2,5,5,5,5
1222,1226,1.000000,2,5,5,5,5
1222,1227,1.000000,2,5,5,5,5
1222,1228,1.000000,2,5,5,5,5
1222,1229,1.000000,2,5,5,5,5
1222,1230,1.000000,2,5,5,5,5
1222,1231,1.000000,2,5,5,5,5
1222,1232,1.000000,2,5,5,5,5
1222,1233,1.000000,2,5,5,5,5
1222,1234,1.000000,2,5,5,5,5
1222,1235,1.000000,2,5,5,5,5
1222,1236,1.000000,2,5,5,5,5
1222,1237,1.000000,2,5,5,5,5
1222,1238,1.000000,2,5,5,5,5
1222,1239,1.000000,2,5,5,5,5
1222,1240,1.000000,2,5,5,5,5
1222,1241,1.000000,2,5,5,5,5
1222,1242,1.000000,2,5,5,5,5
1222,1243,1.000000,2,5,5,5,5
1222,1244,1.000000,2,5,5,5,5
1222,1245,1.000000,2,5,5,5,5
1223,1224,1.000000,2,5,5,5,5
1223,1225,1.000000,2,5,5,5,5
1223,1226,1.000000,2,5,5,5,5
1223,1227,1.000000,2,5,5,5,5
1223,1228,1.000000,2,5,5,5,5
1223,1229,1.000000,2,5,5,5,5
1223,1230,1.000000,2,5,5,5,5
1223,1231,1.000000,2,5,5,5,5
1223,1232,1.000000,2,5,5,5,5
1223,1233,1.000000,2,5,5,5,5
1223,1234,1.000000,2,5,5,5,5
1223,1235,1.000000,2,5,5,5,5
1223,1236,1.000000,2,5,5,5,5
1223,1237,1.000000,2,5,5,5,5
1223,1238,1.000000,2,5,5,5,5
1223,1239,1.000000,2,5,5,5,5
1223,1240,1.000000,2,5,5,5,5
1223,1241,1.000000,2,5,5,5,5
1223,1242,1.000000,2,5,5,5,5
1223,1243,1.000000,2,5,5,5,5
1223,1244,1.000000,2,5,5,5,5
1223,1245,1.000000,2,5,5,5,5
1224,1225,1.000000,2,5,5,5,5
1224,1226,1.000000,2,5,5,5,5
1224,1227,1.000000,2,5,5,5,5
1224,1228,1.000000,2,5,5,5,5
1224,1229,1.000000,2,5,5,5,5
1224,1230,1.000000,2,5,5,5,5
1224,1231,1.000000,2,5,5,5,5
1224,1232,1.000000,2,5,5,5,5
1224,1233,1.000000,2,5,5,5,5
1224,1234,1.000000,2,5,5,5,5
1224,1235,1.000000,2,5,5,5,5
1224,1236,1.000000,2,5,5,5,5
1224,1237,1.000000,2,5,5,5,5
1224,1238,1.000000,2,5,5,5,5
1224,1239,1.000000,2,5,5,5,5
1224,1240,1.000000,2,5,5,5,5
1224,1241,1.000000,2,5,5,5,5
1224,1242,1.000000,2,5,5,5,5
1224,1243,1.000000,2,5,5,5,5
1224,1244,1.000000,2,5,5,5,5
1224,1245,1.000000,2,5,5,5,5
1225,1226,1.000000,2,5,5,5,5
1225,1227,1.000000,2,5,5,5,5
1225,1228,1.000000,2,5,5,5,5
1225,1229,1.000000,2,5,5,5,5
1225,1230,1.000000,2,5,5,5,5
1225,1231,1.000000,2,5,5,5,5
1225,1232,1.000000,2,5,5,5,5
1225,1233,1.000000,2,5,5,5,5
1225,1234,1.000000,2,5,5,5,5
1225,1235,1.000000,2,5,5,5,5
1225,1236,1.000000,2,5,5,5,5
1225,1237,1.000000,2,5,5,5,5
1225,1238,1.000000,2,5,5,5,5
1225,1239,1.000000,2,5,5,5,5
1225,1240,1.000000,2,5,5,5,5
1225,1241,1.000000,2,5,5,5,5
1225,1242,1.000000,2,5,5,5,5
1225,1243,1.000000,2,5,5,5,5
1225,1244,1.000000,2,5,5,5,5
1225,1245,1.000000,2,5,5,5,5
1226,1227,1.000000,2,5,5,5,5
1226,1228,1.000000,2,5,5,5,5
1226,1229,1.000000,2,5,5,5,5
1226,1230,1.000000,2,5,5,5,5
1226,1231,1.000000,2,5,5,5,5
1226,1232,1.000000,2,5,5,5,5
1226,1233,1.000000,2,5,5,5,5
1226,1234,1.000000,2,5,5,5,5
1226,1235,1.000000,2,5,5,5,5
1226,1236,1.000000,2,5,5,5,5
1226,1237,1.000000,2,5,5,5,5
1226,1238,1.000000,2,5,5,5,5
1226,1239,1.000000,2,5,5,5,5
1226,1240,1.000000,2,5,5,5,5
1226,1241,1.000000,2,5,5,5,5
1226,1242,1.000000,2,5,5,5,5
1226,1243,1.000000,2,5,5,5,5
1226,1244,1.000000,2,5,5,5,5
1226,1245,1.000000,2,5,5,5,5
1227,1228,1.000000,2,5,5,5,5
1227,1229,1.000000,2,5,5,5,5
1227,1230,1.000000,2,5,5,5,5
1227,1231,1.000000,2,5,5,5,5
1227,1232,1.000000,2,5,5,5,5
1227,1233,1.000000,2,5,5,5,5
1227,1234,1.000000,2,5,5,5,5
1227,1235,1.000000,2,5,5,5,5
1227,1236,1.000000,2,5,5,5,5
1227,1237,1.000000,2,5,5,5,5
1227,1238,1.000000,2,5,5,5,5
1227,1239,1.000000,2,5,5,5,5
1227,1240,1.000000,2,5,5,5,5
1227,1241,1.000000,2,5,5,5,5
1227,1242,1.000000,2,5,5,5,5
1227,1243,1.000000,2,5,5,5,5
1227,1244,1.000000,2,5,5,5,5
1227,1245,1.000000,2,5,5,5,5
1228,1229,1.000000,2,5,5,5,5
1228,1230,1.000000,2,5,5,5,5
1228,1231,1.000000,2,5,5,5,5
1228,1232,1.000000,2,5,5,5,5
1228,1233,1.000000,2,5,5,5,5
1228,1234,1.000000,2,5,5,5,5
1228,1235,1.000000,2,5,5,5,5
1228,1236,1.000000,2,5,5,5,5
1228,1237,1.000000,2,5,5,5,5
1228,1238,1.000000,2,5,5,5,5
1228,1239,1.000000,2,5,5,5,5
1228,1240,1.000000,2,5,5,5,5
1228,1241,1.000000,2,5,5,5,5
1228,1242,1.000000,2,5,5,5,5
1228,1243,1.000000,2,5,5,5,5
1228,1244,1.000000,2,5,5,5,5
1228,1245,1.000000,2,5,5,5,5
1229,1230,1.000000,2,5,5,5,5
1229,1231,1.000000,2,5,5,5,5
1229,1232,1.000000,2,5,5,5,5
1229,1233,1.000000,2,5,5,5,5
1229,1234,1.000000,2,5,5,5,5
1229,1235,1.000000,2,5,5,5,5
1229,1236,1.000000,2,5,5,5,5
1229,1237,1.000000,2,5,5,5,5
1229,1238,1.000000,2,5,5,5,5
1229,1239,1.000000,2,5,5,5,5
1229,1240,1.000000,2,5,5,5,5
1229,1241,1.000000,2,5,5,5,5
1229,1242,1.000000,2,5,5,5,5
1229,1243,1.000000,2,5,5,5,5
1229,1244,1.000000,2,5,5,5,5
1229,1245,1.000000,2,5,5,5,5
1230,1231,1.000000,2,5,5,5,5
1230,1232,1.000000,2,5,5,5,5
1230,1233,1.000000,2,5,5,5,5
1230,1234,1.000000,2,5,5,5,5
1230,1235,1.000000,2,5,5,5,5
1230,1236,1.000000,2,5,5,5,5
1230,1237,1.000000,2,5,5,5,5
1230,1238,1.000000,2,5,5,5,5
1230,1239,1.000000,2,5,5,5,5
1230,1240,1.000000,2,5,5,5,5
1230,1241,1.000000,2,5,5,5,5
1230,1242,1.000000,2,5,5,5,5
1230,1243,1.000000,2,5,5,5,5
1230,1244,1.000000,2,5,5,5,5
1230,1245,1.000000,2,5,5,5,5
1231,1232,1.000000,2,5,5,5,5
1231,1233,1.000000,2,5,5,5,5
1231,1234,1.000000,2,5,5,5,5
1231,1235,1.000000,2,5,5,5,5
1231,1236,1.000000,2,5,5,5,5
1231,1237,1.000000,2,5,5,5,5
1231,1238,1.000000,2,5,5,5,5
1231,1239,1.000000,2,5,5,5,5
1231,1240,1.000000,2,5,5,5,5
1231,1241,1.000000,2,5,5,5,5
1231,1242,1.000000,2,5,5,5,5
1231,1243,1.000000,2,5,5,5,5
1231,1244,1.000000,2,5,5,5,5
1231,1245,1.000000,2,5,5,5,5
1232,1233,1.000000,2,5,5,5,5
1232,1234,1.000000,2,5,5,5,5
1232,1235,1.000000,2,5,5,5,5
1232,1236,1.000000,2,5,5,5,5
1232,1237,1.000000,2,5,5,5,5
1232,1238,1.000000,2,5,5,5,5
1232,1239,1.000000,2,5,5,5,5
1232,1240,1.000000,2,5,5,5,5
1232,1241,1.000000,2,5,5,5,5
1232,1242,1.000000,2,5,5,5,5
1232,1243,1.000000,2,5,5,5,5
1232,1244,1.000000,2,5,5,5,5
1232,1245,1.000000,2,5,5,5,5
1233,1234,1.000000,2,5,5,5,5
1233,1235,1.000000,2,5,5,5,5
1233,1236,1.000000,2,5,5,5,5
1233,1237,1.000000,2,5,5,5,5
1233,1238,1.000000,2,5,5,5,5
1233,1239,1.000000,2,5,5,5,5
1233,1240,1.000000,2,5,5,5,5
1233,1241,1.000000,2,5,5,5,5
1233,1242,1.000000,2,5,5,5,5
1233,1243,1.000000,2,5,5,5,5
1233,1244,1.000000,2,5,5,5,5
1233,1245,1.000000,2,5,5,5,5
1234,1235,1.000000,2,5,5,5,5
1234,1236,1.000000,2,5,5,5,5
1234,1237,1.000000,2,5,5,5,5
1234,1238,1.000000,2,5,5,5,5
1234,1239,1.000000,2,5,5,5,5
1234,1240,1.000000,2,5,5,5,5
1234,1241,1.000000,2,5,5,5,5
1234,1242,1.000000,2,5,5,5,5
1234,1243,1.000000,2,5,5,5,5
1234,1244,1.000000,2,5,5,5,5
1234,1245,1.000000,2,5,5,5,5
1235,1236,1.000000,2,5,5,5,5
1235,1237,1.000000,2,5,5,5,5
1235,1238,1.000000,2,5,5,5,5
1235,1239,1.000000,2,5,5,5,5
1235,1240,1.000000,2,5,5,5,5
1235,1241,1.000000,2,5,5,5,5
1235,1242,1.000000,2,5,5,5,5
1235,1243,1.000000,2,5,5,5,5
1235,1244,1.000000,2,5,5,5,5
1235,1245,1.000000,2,5,5,5,5
1236,1237,1.000000,2,5,5,5,5
1236,1238,1.000000,2,5,5,5,5
1236,1239,1.000000,2,5,5,5,5
1236,1240,1.000000,2,5,5,5,5
1236,1241,1.000000,2,5,5,5,5
1236,1242,1.000000,2,5,5,5,5
1236,1243,1.000000,2,5,5,5,5
1236,1244,1.000000,2,5,5,5,5
1236,1245,1.000000,2,5,5,5,5
1237,1238,1.000000,2,5,5,5,5
1237,1239,1.000000,2,5,5,5,5
1237,1240,1.000000,2,5,5,5,5
1237,1241,1.000000,2,5,5,5,5
1237,1242,1.000000,2,5,5,5,5
1237,1243,1.000000,2,5,5,5,5
1237,1244,1.000000,2,5,5,5,5
1237,1245,1.000000,2,5,5,5,5
1238,1239,1.000000,2,5,5,5,5
1238,1240,1.000000,2,5,5,5,5
1238,1241,1.000000,2,5,5,5,5
1238,1242,1.000000,2,5,5,5,5
1238,1243,1.000000,2,5,5,5,5
1238,1244,1.000000,2,5,5,5,5
1238,1245,1.000000,2,5,5,5,5
1239,1240,1.000000,2,5,5,5,5
1239,1241,1.000000,2,5,5,5,5
1239,1242,1.000000,2,5,5,5,5
1239,1243,1.000000,2,5,5,5,5
1239,1244,1.000000,2,5,5,5,5
1239,1245,1.000000,2,5,5,5,5
1240,1241,1.000000,2,5,5,5,5
1240,1242,1.000000,2,5,5,5,5
1240,1243,1.000000,2,5,5,5,5
1240,1244,1.000000,2,5,5,5,5
1240,1245,1.000000,2,5,5,5,5
1241,1242,1.000000,2,5,5,5,5
1241,1243,1.000000,2,5,5,5,5
1241,1244,1.000000,2,5,5,5,5
1241,1245,1.000000,2,5,5,5,5
1242,1243,1.000000,2,5,5,5,5
1242,1244,1.000000,2,5,5,5,5
1242,1245,1.000000,2,5,5,5,5
1243,1244,1.000000,2,5,5,5,5
1243,1245,1.000000,2,5,5,5,5
1244,1245,1.000000,2,5,5,5,5
1267,1271,0.979592,3,10,10,10,10
1269,1270,0.990826,3,12,12,12,12
1273,1274,0.995413,3,12,12,12,12
1281,1291,0.853081,3,22,21,20,19
1282,1286,1.000000,1,15,15,15,15
1282,1292,1.000000,1,15,15,15,15
1286,1292,1.000000,1,15,15,15,15
1283,1287,0.989848,3,25,24,23,22
1283,1300,0.974619,3,25,23,23,21
1283,1304,0.974619,3,25,23,23,21
1287,1300,0.973684,3,24,23,22,21
1287,1304,0.973684,3,24,23,22,21
1300,1304,1.000000,2,23,23,21,21
1296,1301,0.970297,3,27,28,27,28
1296,1306,0.970297,3,27,28,27,28
1296,1311,0.970297,3,27,28,27,28
1301,1306,1.000000,2,28,28,28,28
1301,1311,1.000000,1,28,28,28,28
1306,1311,1.000000,2,28,28,28,28
1303,1308,0.863924,3,26,20,25,19
1321,1322,0.962025,3,13,13,13,13
1321,1323,0.987342,3,13,13,13,13
1322,1323,0.987342,3,13,13,13,13
1342,1756,1.000000,1,9,9,8,8
1346,1347,1.000000,2,7,7,7,7
1346,1348,1.000000,2,7,7,7,7
1347,1348,1.000000,2,7,7,7,7
1349,1350,1.000000,2,5,5,5,5
1351,1352,0.789474,3,7,9,7,9
1353,1354,0.983051,3,8,8,6,6
1353,1355,0.983051,3,8,8,6,6
1353,1356,0.808219,3,8,9,6,7
1353,1357,0.808219,3,8,9,6,7
1353,1358,0.920635,3,8,9,6,7
1353,1359,0.920635,3,8,9,6,7
1353,1360,0.766234,3,8,10,6,8
1353,1361,0.766234,3,8,10,6,8
1354,1355,1.000000,2,8,8,6,6
1354,1356,0.808219,3,8,9,6,7
1354,1357,0.808219,3,8,9,6,7
1354,1358,0.936508,3,8,9,6,7
1354,1359,0.936508,3,8,9,6,7
1354,1360,0.766234,3,8,10,6,8
1354,1361,0.766234,3,8,10,6,8
1355,1356,0.808219,3,8,9,6,7
1355,1357,0.808219,3,8,9,6,7
1355,1358,0.936508,3,8,9,6,7
1355,1359,0.936508,3,8,9,6,7
1355,1360,0.766234,3,8,10,6,8
1355,1361,0.766234,3,8,10,6,8
1356,1357,1.000000,2,9,9,7,7
1356,1358,0.876712,3,9,9,7,7
1356,1359,0.904110,3,9,9,7,7
1356,1360,0.948052,3,9,10,7,8
1356,1361,0.948052,3,9,10,7,8
1357,1358,0.863014,3,9,9,7,7
1357,1359,0.876712,3,9,9,7,7
1357,1360,0.948052,3,9,10,7,8
1357,1361,0.948052,3,9,10,7,8
1358,1359,1.000000,2,9,9,7,7
1358,1360,0.818182,3,9,10,7,8
1358,1361,0.818182,3,9,10,7,8
1359,1360,0.818182,3,9,10,7,8
1359,1361,0.818182,3,9,10,7,8
1360,1361,1.000000,2,10,10,8,8
1362,1364,0.969697,3,8,8,8,8
1363,1365,1.000000,2,11,11,11,11
1367,1380,1.000000,2,6,6,6,6
1386,1388,1.000000,2,6,6,6,6
1404,1405,1.000000,2,6,6,6,6
1417,1431,1.000000,2,6,6,6,6
1416,1422,0.974359,3,7,7,7,7
1416,1424,0.974359,3,7,7,7,7
1416,1426,0.974359,3,7,7,7,7
1416,1430,0.906977,3,7,7,7,7
1416,1435,0.906977,3,7,7,7,7
1422,1424,0.974359,3,7,7,7,7
1422,1426,0.974359,3,7,7,7,7
1422,1430,0.860465,3,7,7,7,7
1422,1435,0.860465,3,7,7,7,7
1424,1426,0.974359,3,7,7,7,7
1424,1430,0.860465,3,7,7,7,7
1424,1435,0.860465,3,7,7,7,7
1426,1430,0.860465,3,7,7,7,7
1426,1435,0.860465,3,7,7,7,7
1430,1435,1.000000,2,7,7,7,7
1423,1425,1.000000,2,6,6,6,6
1423,1427,1.000000,2,6,6,6,6
1425,1427,1.000000,2,6,6,6,6
1433,1434,1.000000,2,6,6,6,6
1436,1437,1.000000,2,7,7,7,7
1443,1446,1.000000,2,15,16,14,14
1450,1476,1.000000,2,6,6,6,6
1451,1477,1.000000,2,6,6,6,6
1453,1454,1.000000,2,6,6,6,6
1455,1461,1.000000,2,6,6,6,6
1459,1460,1.000000,2,6,6,6,6
1464,1465,1.000000,2,6,6,6,6
1466,1468,1.000000,2,6,6,6,6
1467,1469,1.000000,2,6,6,6,6
1486,1490,1.000000,2,26,26,24,24
1491,1492,0.992481,3,24,24,22,21
1493,1494,0.928571,3,30,28,23,22
1506,1507,0.821138,3,12,14,12,14
1514,1518,0.851852,3,14,11,14,11
1542,1543,0.953039,3,56,56,45,45
1547,1549,0.903226,3,9,9,8,8
1550,1551,0.931034,3,15,15,14,14
1585,1590,0.972973,3,10,8,9,8
1617,1618,1.000000,2,13,13,13,13
1629,1640,1.000000,1,6,6,6,6
1630,1632,0.972222,3,13,13,13,13
1631,1648,1.000000,2,13,13,13,13
1633,1652,1.000000,2,13,13,13,13
1647,1651,0.973333,3,13,13,13,13
1679,1686,1.000000,2,7,7,7,7
1679,1687,0.973684,3,7,7,7,7
1679,1693,0.973684,3,7,7,7,7
1686,1687,0.973684,3,7,7,7,7
1686,1693,0.973684,3,7,7,7,7
1687,1693,0.973684,3,7,7,7,7
1689,1691,1.000000,2,7,7,7,7
1689,1717,0.973684,3,7,7,7,7
1689,1719,0.973684,3,7,7,7,7
1689,1726,0.973684,3,7,7,7,7
1689,1728,0.973684,3,7,7,7,7
1689,1729,0.973684,3,7,7,7,7
1689,1734,0.947368,3,7,7,7,7
1691,1717,0.973684,3,7,7,7,7
1691,1719,0.973684,3,7,7,7,7
1691,1726,0.973684,3,7,7,7,7
1691,1728,0.973684,3,7,7,7,7
1691,1729,0.973684,3,7,7,7,7
1691,1734,0.947368,3,7,7,7,7
1717,1719,0.973684,3,7,7,7,7
1717,1726,0.973684,3,7,7,7,7
1717,1728,0.973684,3,7,7,7,7
1717,1729,0.973684,3,7,7,7,7
1717,1734,0.947368,3,7,7,7,7
1719,1726,1.000000,2,7,7,7,7
1719,1728,0.973684,3,7,7,7,7
1719,1729,0.973684,3,7,7,7,7
1719,1734,0.947368,3,7,7,7,7
1726,1728,0.973684,3,7,7,7,7
1726,1729,0.973684,3,7,7,7,7
1726,1734,0.947368,3,7,7,7,7
1728,1729,1.000000,2,7,7,7,7
1728,1734,0.973684,3,7,7,7,7
1729,1734,0.973684,3,7,7,7,7
1695,1697,0.975000,3,7,7,7,7
1695,1700,0.975000,3,7,7,7,7
1697,1700,0.975000,3,7,7,7,7
1696,1702,0.973684,3,7,7,7,7
1704,1705,0.972222,3,7,7,7,7
1704,1718,0.972222,3,7,7,7,7
1705,1718,0.972222,3,7,7,7,7
1707,1708,1.000000,2,7,7,7,7
1680,1681,0.944444,3,7,7,7,7
1680,1682,0.944444,3,7,7,7,7
1680,1685,0.972222,3,7,7,7,7
1680,1690,0.972222,3,7,7,7,7
1680,1692,0.972222,3,7,7,7,7
1680,1703,0.972222,3,7,7,7,7
1680,1709,0.972222,3,7,7,7,7
1680,1715,0.972222,3,7,7,7,7
1680,1716,0.972222,3,7,7,7,7
1680,1720,0.972222,3,7,7,7,7
1680,1721,0.972222,3,7,7,7,7
1680,1723,0.972222,3,7,7,7,7
1680,1733,0.972222,3,7,7,7,7
1681,1682,1.000000,2,7,7,7,7
1681,1685,0.944444,3,7,7,7,7
1681,1690,0.944444,3,7,7,7,7
1681,1692,0.944444,3,7,7,7,7
1681,1703,0.944444,3,7,7,7,7
1681,1709,0.944444,3,7,7,7,7
1681,1715,0.944444,3,7,7,7,7
1681,1716,0.944444,3,7,7,7,7
1681,1720,0.944444,3,7,7,7,7
1681,1721,0.944444,3,7,7,7,7
1681,1723,0.944444,3,7,7,7,7
1681,1733,0.944444,3,7,7,7,7
1682,1685,0.944444,3,7,7,7,7
1682,1690,0.944444,3,7,7,7,7
1682,1692,0.944444,3,7,7,7,7
1682,1703,0.944444,3,7,7,7,7
1682,1709,0.944444,3,7,7,7,7
1682,1715,0.944444,3,7,7,7,7
1682,1716,0.944444,3,7,7,7,7
1682,1720,0.944444,3,7,7,7,7
1682,1721,0.972222,3,7,7,7,7
1682,1723,0.944444,3,7,7,7,7
1682,1733,0.972222,3,7,7,7,7
1685,1690,0.972222,3,7,7,7,7
1685,1692,0.972222,3,7,7,7,7
1685,1703,0.972222,3,7,7,7,7
1685,1709,0.972222,3,7,7,7,7
1685,1715,0.972222,3,7,7,7,7
1685,1716,0.972222,3,7,7,7,7
1685,1720,0.972222,3,7,7,7,7
1685,1721,0.972222,3,7,7,7,7
1685,1723,0.972222,3,7,7,7,7
1685,1733,0.972222,3,7,7,7,7
1690,1692,1.000000,2,7,7,7,7
1690,1703,0.972222,3,7,7,7,7
1690,1709,0.972222,3,7,7,7,7
1690,1715,0.972222,3,7,7,7,7
1690,1716,0.972222,3,7,7,7,7
1690,1720,0.972222,3,7,7,7,7
1690,1721,0.972222,3,7,7,7,7
1690,1723,0.972222,3,7,7,7,7
1690,1733,0.972222,3,7,7,7,7
1692,1703,0.972222,3,7,7,7,7
1692,1709,0.972222,3,7,7,7,7
1692,1715,0.972222,3,7,7,7,7
1692,1716,0.972222,3,7,7,7,7
1692,1720,0.972222,3,7,7,7,7
1692,1721,0.972222,3,7,7,7,7
1692,1723,0.972222,3,7,7,7,7
1692,1733,0.972222,3,7,7,7,7
1703,1709,1.000000,2,7,7,7,7
1703,1715,1.000000,2,7,7,7,7
1703,1716,1.000000,2,7,7,7,7
1703,1720,1.000000,2,7,7,7,7
1703,1721,1.000000,2,7,7,7,7
1703,1723,1.000000,2,7,7,7,7
1703,1733,1.000000,2,7,7,7,7
1709,1715,1.000000,2,7,7,7,7
1709,1716,1.000000,2,7,7,7,7
1709,1720,1.000000,2,7,7,7,7
1709,1721,1.000000,2,7,7,7,7
1709,1723,1.000000,2,7,7,7,7
1709,1733,1.000000,2,7,7,7,7
1715,1716,1.000000,2,7,7,7,7
1715,1720,1.000000,2,7,7,7,7
1715,1721,0.972222,3,7,7,7,7
1715,1723,0.972222,3,7,7,7,7
1715,1733,0.972222,3,7,7,7,7
1716,1720,1.000000,2,7,7,7,7
1716,1721,0.972222,3,7,7,7,7
1716,1723,0.972222,3,7,7,7,7
1716,1733,0.972222,3,7,7,7,7
1720,1721,0.972222,3,7,7,7,7
1720,1723,0.972222,3,7,7,7,7
1720,1733,0.972222,3,7,7,7,7
1721,1723,0.972222,3,7,7,7,7
1721,1733,1.000000,2,7,7,7,7
1723,1733,0.972222,3,7,7,7,7
1724,1727,0.950000,3,7,7,7,7
1694,1710,0.950000,3,7,7,7,7
1694,1711,0.975000,3,7,7,7,7
1694,1725,0.950000,3,7,7,7,7
1694,1730,0.950000,3,7,7,7,7
1694,1731,0.950000,3,7,7,7,7
1694,1732,0.950000,3,7,7,7,7
1694,1742,0.975000,3,7,7,7,7
1694,1743,0.975000,3,7,7,7,7
1710,1711,0.950000,3,7,7,7,7
1710,1725,0.975000,3,7,7,7,7
1710,1730,0.975000,3,7,7,7,7
1710,1731,0.950000,3,7,7,7,7
1710,1732,0.950000,3,7,7,7,7
1710,1742,0.950000,3,7,7,7,7
1710,1743,0.950000,3,7,7,7,7
1711,1725,0.950000,3,7,7,7,7
1711,1730,0.950000,3,7,7,7,7
1711,1731,0.950000,3,7,7,7,7
1711,1732,0.950000,3,7,7,7,7
1711,1742,0.975000,3,7,7,7,7
1711,1743,0.975000,3,7,7,7,7
1725,1730,1.000000,2,7,7,7,7
1725,1731,0.975000,3,7,7,7,7
1725,1732,0.975000,3,7,7,7,7
1725,1742,0.950000,3,7,7,7,7
1725,1743,0.950000,3,7,7,7,7
1730,1731,0.975000,3,7,7,7,7
1730,1732,0.975000,3,7,7,7,7
1730,1742,0.950000,3,7,7,7,7
1730,1743,0.950000,3,7,7,7,7
1731,1732,1.000000,2,7,7,7,7
1731,1742,0.950000,3,7,7,7,7
1731,1743,0.950000,3,7,7,7,7
1732,1742,0.950000,3,7,7,7,7
1732,1743,0.950000,3,7,7,7,7
1742,1743,1.000000,2,7,7,7,7
1737,1738,0.975000,3,7,7,7,7
1737,1740,0.975000,3,7,7,7,7
1738,1740,0.975000,3,7,7,7,7
1739,1741,0.977273,3,7,7,7,7
1746,1747,0.950000,3,7,8,7,7
1752,1759,1.000000,1,8,8,8,8
1753,1760,1.000000,1,50,50,49,49
1754,1761,1.000000,1,5,5,5,5
1755,1762,1.000000,1,8,8,8,8
1758,1763,1.000000,1,5,5,5,5
1770,1771,0.989209,3,30,27,30,27
1774,1775,0.975124,3,23,20,23,20
1786,1819,0.729412,3,6,7,6,7
1786,1821,0.765432,3,6,7,6,7
1819,1821,0.952941,3,7,7,7,7
1789,1803,1.000000,2,12,12,12,12
1791,1793,0.817308,3,7,8,7,8
1791,1795,0.817308,3,7,8,7,8
1791,1797,0.817308,3,7,8,7,8
1791,1799,0.817308,3,7,8,7,8
1791,1801,0.817308,3,7,8,7,8
1791,1815,0.964706,3,7,7,7,7
1793,1795,1.000000,1,8,8,8,8
1793,1797,1.000000,1,8,8,8,8
1793,1799,1.000000,1,8,8,8,8
1793,1801,1.000000,1,8,8,8,8
1793,1815,0.971154,3,8,7,8,7
1795,1797,1.000000,1,8,8,8,8
1795,1799,1.000000,1,8,8,8,8
1795,1801,1.000000,1,8,8,8,8
1795,1815,0.971154,3,8,7,8,7
1797,1799,1.000000,1,8,8,8,8
1797,1801,1.000000,1,8,8,8,8
1797,1815,0.971154,3,8,7,8,7
1799,1801,1.000000,1,8,8,8,8
1799,1815,0.971154,3,8,7,8,7
1801,1815,0.971154,3,8,7,8,7
1794,1800,0.988764,3,12,12,11,11
1796,1802,1.000000,2,12,12,11,11
1807,1811,0.917293,3,17,17,17,16
1818,1828,0.936170,3,17,14,17,13
1823,1825,1.000000,1,7,7,7,7
1823,1827,0.987179,3,7,7,7,7
1825,1827,0.987179,3,7,7,7,7
1824,1826,0.993865,3,18,18,17,17
1834,2021,1.000000,2,18,18,17,17
1834,2780,0.882353,3,18,17,17,14
2021,2780,0.882353,3,18,17,17,14
1840,1841,1.000000,2,11,11,11,11
1849,1851,0.927632,3,17,18,17,18
1860,2034,1.000000,1,8,8,8,8
1862,1863,1.000000,2,14,14,14,14
1862,1864,1.000000,2,14,14,14,14
1862,1865,0.979167,3,14,14,14,14
1862,1866,1.000000,2,14,14,14,14
1862,1867,0.979167,3,14,14,14,14
1862,1868,0.979167,3,14,14,14,14
1862,1870,1.000000,2,14,14,14,14
1863,1864,0.979167,3,14,14,14,14
1863,1865,0.979167,3,14,14,14,14
1863,1866,0.979167,3,14,14,14,14
1863,1867,0.979167,3,14,14,14,14
1863,1868,0.979167,3,14,14,14,14
1863,1870,0.979167,3,14,14,14,14
1864,1865,0.979167,3,14,14,14,14
1864,1866,1.000000,2,14,14,14,14
1864,1867,0.979167,3,14,14,14,14
1864,1868,0.979167,3,14,14,14,14
1864,1870,0.979167,3,14,14,14,14
1865,1866,0.979167,3,14,14,14,14
1865,1867,0.979167,3,14,14,14,14
1865,1868,0.979167,3,14,14,14,14
1865,1870,0.979167,3,14,14,14,14
1866,1867,0.979167,3,14,14,14,14
1866,1868,0.979167,3,14,14,14,14
1866,1870,0.979167,3,14,14,14,14
1867,1868,0.979167,3,14,14,14,14
1867,1870,0.979167,3,14,14,14,14
1868,1870,0.979167,3,14,14,14,14
1873,1877,1.000000,2,12,12,12,12
1873,1880,1.000000,2,12,12,12,12
1873,1881,1.000000,2,12,12,12,12
1873,1882,1.000000,2,12,12,12,12
1877,1880,1.000000,2,12,12,12,12
1877,1881,1.000000,2,12,12,12,12
1877,1882,1.000000,2,12,12,12,12
1880,1881,1.000000,2,12,12,12,12
1880,1882,1.000000,2,12,12,12,12
1881,1882,1.000000,2,12,12,12,12
1876,1885,1.000000,2,12,12,12,12
1912,1913,0.899054,3,40,32,40,32
1929,2038,1.000000,1,13,13,11,11
1110,1939,0.881720,3,12,12,12,12
1110,2039,0.881720,3,12,12,12,12
1110,2583,0.881720,3,12,12,12,12
1939,2039,1.000000,1,12,12,12,12
1939,2583,1.000000,1,12,12,12,12
2039,2583,1.000000,1,12,12,12,12
1962,1963,1.000000,2,11,11,10,10
2022,2023,1.000000,2,15,15,15,15
2022,2024,0.885246,3,15,15,15,15
2023,2024,0.885246,3,15,15,15,15
2027,2028,1.000000,2,15,15,15,15
2043,2044,0.980952,3,22,22,22,22
2124,2126,1.000000,2,8,8,8,8
660,2143,1.000000,2,8,7,8,7
660,2499,1.000000,2,8,7,8,7
660,2625,1.000000,2,8,7,8,7
660,2790,1.000000,2,8,7,8,7
2143,2499,1.000000,2,7,7,7,7
2143,2625,1.000000,2,7,7,7,7
2143,2790,1.000000,2,7,7,7,7
2499,2625,1.000000,2,7,7,7,7
2499,2790,1.000000,2,7,7,7,7
2625,2790,1.000000,2,7,7,7,7
2150,2152,0.782609,3,9,9,9,9
2150,2153,0.847826,3,9,9,9,9
2150,2154,0.869565,3,9,9,9,9
2150,2155,0.804348,3,9,9,9,9
2150,2156,0.804348,3,9,9,9,9
2150,2157,0.869565,3,9,9,9,9
2150,2158,0.869565,3,9,9,9,9
2152,2153,0.950000,3,9,9,9,9
2152,2154,0.900000,3,9,9,9,9
2152,2155,0.947368,3,9,9,9,9
2152,2156,0.857143,3,9,9,9,9
2152,2157,0.880952,3,9,9,9,9
2152,2158,0.900000,3,9,9,9,9
2153,2154,0.950000,3,9,9,9,9
2153,2155,0.925000,3,9,9,9,9
2153,2156,0.880952,3,9,9,9,9
2153,2157,0.928571,3,9,9,9,9
2153,2158,0.950000,3,9,9,9,9
2154,2155,0.975000,3,9,9,9,9
2154,2156,0.880952,3,9,9,9,9
2154,2157,0.928571,3,9,9,9,9
2154,2158,0.975000,3,9,9,9,9
2155,2156,0.857143,3,9,9,9,9
2155,2157,0.880952,3,9,9,9,9
2155,2158,0.925000,3,9,9,9,9
2156,2157,0.952381,3,9,9,9,9
2156,2158,0.904762,3,9,9,9,9
2157,2158,0.928571,3,9,9,9,9
2164,2176,0.924051,3,12,13,12,13
2166,2173,1.000000,2,8,8,8,8
2170,2171,0.987013,3,9,9,9,9
2163,2174,0.954545,3,8,8,8,8
2163,2192,0.954545,3,8,8,8,8
2174,2192,1.000000,2,8,8,8,8
2193,2194,0.839286,3,9,9,9,9
2218,2265,0.862069,3,11,8,11,8
2226,2227,0.946429,3,12,10,12,10
2228,2530,0.921466,3,25,21,23,20
2229,2531,0.966667,3,17,14,17,14
2248,2547,0.913669,3,22,25,22,25
2248,2821,0.992537,3,22,21,22,21
2547,2821,0.956835,3,25,21,25,21
2298,2306,1.000000,1,16,16,15,15
2298,2334,1.000000,2,16,16,15,15
2306,2334,1.000000,2,16,16,15,15
2336,2337,0.800000,3,11,11,10,11
2336,2340,0.954545,3,11,11,10,10
2336,2341,0.738636,3,11,11,10,11
2337,2340,0.766667,3,11,11,11,10
2337,2341,0.944444,3,11,11,11,11
2340,2341,0.837500,3,11,11,10,11
2344,2576,1.000000,1,15,15,14,14
2345,2578,1.000000,1,5,5,5,5
2346,2347,0.980392,3,11,11,10,10
2348,2579,1.000000,1,14,14,13,13
357,1094,1.000000,1,11,11,11,11
357,2349,0.974359,3,11,11,11,11
357,2580,0.974359,3,11,11,11,11
1094,2349,0.974359,3,11,11,11,11
1094,2580,0.974359,3,11,11,11,11
2349,2580,1.000000,1,11,11,11,11
2364,2365,0.895161,3,19,15,19,15
299,2367,0.975904,3,17,15,16,15
299,2584,0.975904,3,17,15,16,15
2367,2584,1.000000,2,15,15,15,15
2368,2369,0.861111,3,20,21,19,21
2401,2402,1.000000,2,6,6,6,6
2425,2451,0.933333,3,6,5,6,5
2431,2432,0.752809,3,8,6,8,6
2439,2445,1.000000,1,5,5,5,5
2442,2449,0.839744,3,15,17,13,14
2443,2450,1.000000,1,21,21,19,19
2446,2447,0.928571,3,18,16,13,12
2458,2460,0.941748,3,29,31,24,24
2463,2464,1.000000,2,7,7,7,7
2465,2466,0.982143,3,9,8,9,8
2472,2473,1.000000,2,6,6,6,6
2472,2474,0.970588,3,6,6,6,6
2472,2475,0.970588,3,6,6,6,6
2473,2474,0.970588,3,6,6,6,6
2473,2475,0.970588,3,6,6,6,6
2474,2475,1.000000,2,6,6,6,6
2486,2680,1.000000,1,5,5,5,5
2487,2681,1.000000,1,26,26,26,26
2488,2682,1.000000,1,25,25,25,25
2489,2683,1.000000,1,15,15,15,15
2491,2685,1.000000,1,22,22,19,19
2490,2492,1.000000,2,19,19,18,18
2490,2493,1.000000,2,19,19,18,18
2490,2494,1.000000,2,19,19,18,18
2490,2684,1.000000,1,19,19,18,18
2490,2686,1.000000,2,19,19,18,18
2490,2687,1.000000,2,19,19,18,18
2490,2688,1.000000,2,19,19,18,18
2492,2493,1.000000,2,19,19,18,18
2492,2494,1.000000,2,19,19,18,18
2492,2684,1.000000,2,19,19,18,18
2492,2686,1.000000,1,19,19,18,18
2492,2687,1.000000,2,19,19,18,18
2492,2688,1.000000,2,19,19,18,18
2493,2494,1.000000,2,19,19,18,18
2493,2684,1.000000,2,19,19,18,18
2493,2686,1.000000,2,19,19,18,18
2493,2687,1.000000,1,19,19,18,18
2493,2688,1.000000,2,19,19,18,18
2494,2684,1.000000,2,19,19,18,18
2494,2686,1.000000,2,19,19,18,18
2494,2687,1.000000,2,19,19,18,18
2494,2688,1.000000,1,19,19,18,18
2684,2686,1.000000,2,19,19,18,18
2684,2687,1.000000,2,19,19,18,18
2684,2688,1.000000,2,19,19,18,18
2686,2687,1.000000,2,19,19,18,18
2686,2688,1.000000,2,19,19,18,18
2687,2688,1.000000,2,19,19,18,18
2506,2508,0.961039,3,12,12,12,12
2511,2512,0.922222,3,12,11,11,10
2517,2519,0.914894,3,7,7,7,7
2520,2522,0.913043,3,14,11,13,10
2521,2523,0.979167,3,9,9,9,9
2521,2524,0.960000,3,9,9,9,9
2523,2524,0.940000,3,9,9,9,9
2539,2540,0.967742,3,9,8,9,8
2539,2546,0.967742,3,9,9,9,9
2540,2546,1.000000,2,8,9,8,9
2553,2554,1.000000,2,13,13,13,13
2553,2555,1.000000,2,13,13,13,13
2553,2556,1.000000,2,13,13,13,13
2554,2555,1.000000,2,13,13,13,13
2554,2556,1.000000,2,13,13,13,13
2555,2556,1.000000,2,13,13,13,13
2598,2599,0.876984,3,29,31,27,29
2615,2616,1.000000,2,7,7,7,7
2623,2624,0.942029,3,10,10,10,10
2627,2628,0.931818,3,9,9,9,9
2627,2629,1.000000,2,9,9,9,9
2627,2631,0.727273,3,9,9,9,9
2627,2634,0.952381,3,9,10,9,9
2627,2635,0.952381,3,9,9,9,9
2627,2636,0.952381,3,9,9,9,9
2627,2637,0.952381,3,9,9,9,9
2627,2638,0.909091,3,9,9,9,9
2628,2629,0.931818,3,9,9,9,9
2628,2631,0.781818,3,9,9,9,9
2628,2634,0.909091,3,9,10,9,9
2628,2635,0.909091,3,9,9,9,9
2628,2636,0.909091,3,9,9,9,9
2628,2637,0.954545,3,9,9,9,9
2628,2638,0.977273,3,9,9,9,9
2629,2631,0.727273,3,9,9,9,9
2629,2634,0.952381,3,9,10,9,9
2629,2635,0.952381,3,9,9,9,9
2629,2636,0.952381,3,9,9,9,9
2629,2637,0.952381,3,9,9,9,9
2629,2638,0.909091,3,9,9,9,9
2631,2634,0.800000,3,9,10,9,9
2631,2635,0.800000,3,9,9,9,9
2631,2636,0.800000,3,9,9,9,9
2631,2637,0.836364,3,9,9,9,9
2631,2638,0.836364,3,9,9,9,9
2634,2635,1.000000,2,10,9,9,9
2634,2636,0.952381,3,10,9,9,9
2634,2637,0.952381,3,10,9,9,9
2634,2638,0.909091,3,10,9,9,9
2635,2636,0.952381,3,9,9,9,9
2635,2637,0.952381,3,9,9,9,9
2635,2638,0.909091,3,9,9,9,9
2636,2637,0.952381,3,9,9,9,9
2636,2638,0.909091,3,9,9,9,9
2637,2638,0.954545,3,9,9,9,9
2644,2645,0.968750,3,8,8,8,8
2648,2649,0.895652,3,15,16,14,15
2659,2660,0.979592,3,7,7,7,7
2662,2663,1.000000,2,9,9,9,9
2662,2664,1.000000,2,9,9,9,9
2662,2665,1.000000,2,9,10,9,9
2663,2664,1.000000,2,9,9,9,9
2663,2665,1.000000,2,9,10,9,9
2664,2665,1.000000,2,9,10,9,9
2671,2829,1.000000,1,6,6,6,6
2673,2675,1.000000,2,15,14,13,13
2696,2698,0.948529,3,12,12,12,12
2703,2704,0.943396,3,16,16,16,16
2707,2784,0.916667,3,23,20,23,20
2714,2788,0.981818,3,16,16,13,13
2718,2739,1.000000,2,6,6,6,6
2747,2751,1.000000,2,19,13,19,13
2764,2765,1.000000,2,7,7,7,7
2764,2766,1.000000,2,7,7,7,7
2765,2766,1.000000,2,7,7,7,7
2767,2768,0.982558,3,33,33,33,33
2804,2805,1.000000,2,9,9,9,9
