18,43
57,74
138,145
168,6180
213,7333
234,417
241,2178
254,255
258,259
267,335
268,311
272,315
299,334
312,339
355,356,357,358
361,362
363,371
365,366,367,372
373,379
376,380,2088,2093
383,386
392,393
396,863
399,404
400,401
403,405
407,409
415,1292
422,2329
426,1228
446,2175
451,452
455,668
464,569
471,559
491,537,571,663
504,513
516,517,520,521,524,532
523,530
526,528
529,531,533
536,614
546,553
548,552,554
573,752
625,643
634,644
635,638
649,666
654,656
678,747
681,697
683,685
686,744
688,723,727
689,711
690,737
691,704,712,725,729
680,693,696,738
694,722
695,701
700,732
702,740
703,715
706,745
709,714
692,713,734
716,733
717,728
719,742
735,736
780,1135
783,1244
251,397,784,785,791,822,831,882,1948,1971,2296,2396
793,794,797,798,799,802,803,806
801,808
828,883,1962
834,1970
845,846
848,855
850,859,861
851,1938
873,876
884,1376
916,936
888,918,968,1122
943,978,1133
1026,1043
1071,1623
1091,1144
1126,1128
1230,2269
1231,2281
1243,2328
1256,2330
1260,1261
1264,1265
1274,1279
1299,1307
1303,1305,1308,1321
1320,1322
1377,1534
1380,1487
1382,1431
1384,1840
1389,1546
1391,1397
1392,1403
1393,1395
1394,1396
1398,1400
1410,1819
1415,1462
1416,1539
1421,1481
1422,1553
1450,1451,1452
1456,1849
1511,1512
1423,1545,1554,1782
1558,1853
1562,1763
1563,1636
1564,1628,1642
1571,1573
1574,1580
1579,1586
1590,1594,1597,1598,1601,1602
1595,1600
1596,1599
1608,1770
1614,1622
1625,1776
1626,1717
1633,1643
1641,1678,1839
1646,1649,1651,1656,1658,1660
1655,1657
1666,1671
1675,1767
1700,1710
1745,1777
1752,1756
1785,1796
1802,1807
1843,1845
1856,1857
1858,1863
1859,1860,1861,1862,1866,1867,1868,1869
1884,1886
1887,1896
1918,1932
1922,1929
835,1325,1952,1998,2174
1965,2298
2000,2003,2004,2005,2018,2021,2027,2028
2016,2022
2047,2260
2055,2060
2059,2062
2076,2493
2085,2172
2115,2119
2116,2136
2181,2184
2179,2185,2188
2186,2187
2200,2202,2203
2201,2204
2206,2227,2510,19541,19638,19726
2208,2228
2237,2238
2254,2256
2270,2278,2279,2292
2274,2294
2276,2287
2282,2291,2293
2342,2360
2394,2433
2399,2400,2404
2414,2416
2424,2428
2437,2494
2444,2449
2477,2479
2507,2509
2515,2527
2528,2556
2531,2546,2554
2530,2533,2538
2532,2536,2539,2549
2537,2541
2562,2563
2568,2571
2629,2630
2725,2782
2764,2875
2802,2803
2940,2944
2942,3961,5234
2951,2952
2960,2961,2999,3002
2962,2986
2968,2969
2971,2994
2975,2997
2979,2989,2996,3003
2982,3005
3009,3010
3015,3019
3016,3017
3018,3022
3057,3061,3080,3084,3091,3094,3097,3098,3103,3113
3099,3112
3105,3129
3106,3108
3157,3158
3164,4413
3165,4414
3166,4415
3167,4416
3168,4417
3169,4418
3170,4419
3171,4420
3172,4421
3173,4422
3174,4423
3175,4424
3176,4425
3177,4426
3178,4427
3179,4428
3180,4429
3181,4430
3182,4431
3183,4432
3184,4433
3185,4434
3186,4435
3187,4436
3188,4437
3189,4438
3190,4439
3191,4440
3192,4441
3193,4442
3194,4443
3195,4444
3196,4445
3197,4446
3198,4447
3199,4448
3200,4449
3201,4450
3202,4451
3203,4453
3204,4454
3205,4455
3206,4456
3207,4457
3211,4460
3212,4462
3213,4463
3214,4464
3215,4465
3216,4466
3217,4467
3218,4468
3219,4469
3220,4470
3221,4471
3222,4472
3223,4473
3224,4474
3225,4475
3226,4476
3227,4477
3228,4478
3229,4479
3230,4480
3231,4481
3232,4482
3233,4483
3234,4484
3235,4485
3236,4486
3237,4487
3238,4488
3239,4489
3240,4490
3241,4491
3242,4492
3243,4494
3244,4495
3245,4496
3246,4497
3247,4498
3248,4499
3249,4500
3250,4501
3251,4502
3252,4503
3253,4504
3254,4505
3255,4506
3256,4507
3260,4511
3262,4513
3274,4525
3278,4529
3288,4539
3291,4542
3296,4547
3310,4561
3315,4566
3322,4573
3328,4579
3333,4584
3335,4586
3336,4587
3338,4589
3342,4593
3348,4599
3350,4601
3351,4602
3352,4603
3353,4604
3354,4605
3356,4607
3357,4608
3359,4610
3360,4611
3362,4613
3363,4614
3364,4615
3365,4616
3368,4619
3369,4620
3370,4621
3371,4622
3372,4623
3373,4624
3379,4630
3380,4631
3381,4632
3383,4634
3384,4635
3385,4636
3386,4637
3387,4638
3388,4639
3390,4641
3391,4642
3399,4650
3400,4651
3405,4656
3408,4659
3409,4660
3410,4661
3411,4662
3412,4663
3413,4665
3414,4666
3415,4667
3416,4668
3417,4669
3418,4670
3358,3389,3423,4609,4640,4675
3428,4681
3429,4683
3361,3432,4612,4686
3433,4687
3434,4688
3435,4689
3436,4690
3437,4691
3440,4694
3442,4696
3445,4699
3446,4700
3448,4702
3449,4704
3450,4705
3451,4706
3454,4709
3456,4711
3457,4712
3461,4716
3467,4722
3468,4723
3469,4724
3474,4729
3477,4732
3478,4733
3481,4736
3483,4738
3485,4740
3487,4742
3488,4743
3493,4748
3496,4751
3497,4752
3498,4753
3499,4754
3500,4755
3501,4756
3502,4757
3503,4758
3504,4759
3505,4760
3506,4761
3507,4762
3508,4763
3509,4764
3510,4765
3511,4766
3512,4767
3513,4768
3514,4769
3516,4771
3517,4772
3518,4773
3519,4774
3521,4776
3523,4779
3524,4780
3525,4781
3528,4784
3529,4785
3530,4786
3532,4789
3533,4790
3534,4791
3535,4792
3536,4793
3537,4794
3538,4795
3539,4796
3540,4797
3541,4798
3542,4799
3543,4800
3544,4801
3545,4802
3546,4803
3547,4804
3548,4805
3550,4807
3551,4808
3552,4809
3553,4810
3554,4811
3555,4812
3562,3579,4819,4836
3564,4821
3565,4822
3566,3583,4823,4840
3567,4824
3568,4825
3569,4826
3571,4828
3572,4829
3573,4830
3570,3574,4827,4831
3576,4833
3577,4834
3578,4835
3580,4837
3581,4838
3582,4839
3584,4841
3585,4842
3586,4843
3587,4844
3588,4845
3589,4846
3590,4847
3591,4848
3592,4849
3593,4850
3594,4851
3595,4852
3596,4853
3597,4854
3598,4855
3599,4856
3600,4857
3601,4858
3602,4859
3603,4861
3604,4862
3605,4863
3606,4864
3607,4865
3608,4866
3610,4868
3611,4869
3612,4870
3617,4876
3620,4879
3622,4881
3623,4882
3624,4883
3625,4884
3626,4885
3627,4886
3628,4887
3629,4888
3630,4889
3631,4890
3632,4891
3633,4892
3634,4893
3635,4894
3637,4896
3639,4898
3640,4899
3647,4906
3654,4913
3660,4919
3661,4920
3662,4921
3664,4923
3665,4924
3666,4925
3667,4926
3668,4927
3669,4928
3670,4929
3671,4930
3672,4931
3673,4932
3674,4933
3675,4934
3676,4937
3677,4938
3678,4939
3679,4940
3680,4941
3681,3721,4942,4983,16655
3682,4943
3684,4945
3686,4947
3689,4950
3692,3734,4953,4996,16656
3693,4954
3695,4956
3696,4957
3697,4958
3699,4960
3701,4962
3702,4963
3703,4964
3704,4965
3708,4969
3710,4971
3711,4972
3712,4973
3713,4974
3714,4975
3717,4979
3718,4980
3719,4981
3722,4984
3723,4985
3724,4986
3725,4987
3726,4988
3727,4989
3728,4990
3735,4997
3694,3736,4955,4998
3737,4999
3738,5000
3740,5002
3741,5003,17166
3743,5005
3744,5006
3746,5008
3750,5012
3752,5014
3753,5015
3754,5016
3755,5017
3756,5018
3757,5019
3758,5020
3759,5021
3762,5024
3763,5025
3764,5026
3765,5027
3768,3902,5030,5169
3769,5031
3772,5034
3773,5035
3774,5036
3775,5037
3776,5038
3777,5039
3778,5040
3779,5041
3780,5042
3781,5043
3782,5044
3783,5045
3785,5047
3786,5048
3787,5049
3788,5050
3790,5052
3792,5054
3793,5055
3794,5056
3795,5057
3796,5058
3799,5062
3800,5063
3801,5064
3802,5065
3803,5068
3805,5070
2920,3807,5072
3808,5073
3809,5074
3811,5076
3813,5079
3815,5081
3819,5085
3824,5089
3825,5090
3828,5093
3829,5094
3832,5097
3834,5099
3835,5100
3838,5103
3840,5105
3842,5107
3843,5108
3844,5111
3845,5112
3846,5113
3847,5114
3848,5115
3849,5116
3850,5117
3851,5118
3852,5119
3853,5120
3855,5122
3858,5125
3859,5127
3862,5130,22314
3864,5132
3865,5133
3866,5134
3868,5136
3869,5137
3870,3962
3871,5139
3872,5140
3874,5142
3876,5144
3878,5146
3879,5147
3880,5148
3882,5150
3883,5151
3886,5154
3887,5155
3888,5156
3889,5157
3890,5158
3891,5159
3892,5160
3893,5161
3894,5162
3896,5163
3898,5165
3899,5166
3900,5167
3901,5168
3903,5170
3904,5172
3905,5173
3906,5174
3907,5175
3909,5177
3910,5178
3911,5179
3913,5181
3915,5183
3916,5184
3917,5185
3918,5186
3922,5190
3923,5191
3924,5192
3926,5194
3927,5195
3928,5196
3929,5198
3930,5199
3931,5200
3934,5203
3939,5210
3942,4115,5214,5389
3945,5217
3946,5218
3949,5222
3953,5226
3954,5227
3955,5228
3957,5230
3958,5231
3959,5232
3960,5233
3963,5236
3964,5237
3965,5238
3966,5239
3967,5240
3970,5243
3950,3971,5223,5244
3973,5246
3974,5247
3975,5248
3980,5253
3981,5254
3982,5255
3984,5257
3986,5259
3987,5260
3988,5261
3989,5262
3990,5263
3991,5264
3992,5265
3993,5266
3994,5267
3995,5268
3998,5271
3999,5272
4000,5273
4001,5274
4004,5277
4007,5280
4008,5282
4009,5283
4011,5285
4012,5286
4013,5287
4014,5288
4015,5289
4016,5290
4018,5292
4019,5293
4020,5294
4021,5295
4022,5296
4023,5297
4024,5298
4026,5300
4027,5301
4028,5302
4029,5303
4030,5304
4031,5305
4032,5306
4033,5307
4034,5308
4035,5309
4036,5310
4037,5311
4038,5312
4039,5313
4040,5314
4041,5315
4042,5316
4043,5317
4044,5318
4045,5319
4046,5320
4047,5321
4048,5322
4025,4050,5299,5324
4051,5325
4052,5326
4053,5327
4054,5328
4055,5329
4056,5330
4059,5333
4060,5334
4061,5335
4062,5336
4063,5337
4064,5338
4065,5339
4066,5340
4067,5341
4068,5342
4070,5344
4074,5348
4075,5349
4076,5350
4077,5351
4079,5353
4080,5354
4081,5355
4082,5356
4083,5357
4084,5358
4085,5359
4086,5360
4087,5361
4089,5363
4090,5364
4091,5365
4092,5366
4093,5367
4094,5368
4095,5369
4097,5371
4098,5372
4099,5373
4102,5376
4104,5378
4105,5379
4107,5381
4108,5382
4109,5383
4110,5384
4111,5385
4112,5386
4114,5388
4117,5391
4118,5392
4119,5393
4120,5394
4124,5398
4125,5399
4127,5401
4129,5403
4131,5404
4133,5406
4134,5407
4135,5408
4136,5409
4137,5410
4138,5411
4139,5412
4140,5413
4141,5414
4142,5415
4143,5416
4144,5417
4145,5418
4146,5419
4147,5420
4148,5421
4149,5422
4150,5423
4151,5424
4153,5426
4155,5428
4157,5430
4158,5431
4159,5433
4160,5434
4161,5435
4162,5436
4163,5437
4164,5438
4167,5441
4168,5442
4169,5443
4170,5444
4171,5445
4173,5447
4174,5448
4175,5449
4176,5450
4177,5451
4178,5452
4179,5453
4180,5454
4181,5455
4182,5456
4183,5457
4184,5458
4185,5459
4186,5460
4187,5461
4188,5462
4189,5463
4190,5464
4191,5465
4192,5466
4193,5467
4194,5468
4195,5469
4196,5470
4197,5471
4198,5472
4199,5473
4200,5474
4201,5475
4202,5476
4203,5477
4204,5478
4205,4361,5479,5654
4206,5480
4207,5481
4208,5482
4209,5483
4210,5484
4211,5485
4212,5486
4213,5487
4214,5488
4215,5489
4216,5490
4217,5491
4218,5492
4219,5493
4220,5494
4221,5495
4222,5496
4223,5497
4224,5498
4225,5499
4226,5500
4227,5501
4228,5502
4230,5505
4233,5508
4235,5510
4236,5511
4237,5512
4243,5518
4244,5519
4245,5520
4246,5521
4247,5522
4248,5523
4249,4363,5524,5656
4250,5525
4252,5527
4255,5530
4256,4371,5531,5664
4257,5532
4258,5533
4261,5536
4262,5537
4263,5538
4265,5541
4269,5545
4271,5547
4272,5548
4276,5552
4281,5557
4283,5559
4284,5560
4285,5561
4288,5566
4289,5568
4291,4329,5570,5616
4292,5573
4293,5574
4294,5575
4296,5577
4297,5578
4298,5581
4299,5582
4301,5584
4302,5585
4304,5587
4305,5588
4306,5589
4307,5590
4308,5591
4309,5592
4310,5593
4311,5594,5639
4312,5595
4314,5597
4315,5598
4316,5599
4317,5600
4321,5606
4322,5607
4324,5610
4325,5611
4326,5612
4330,5617
4331,5618
4332,5619
4334,5621
4335,5622
4337,5624
4340,5627
4341,5628
4342,5629
4343,5630
4344,5631
4346,5637
4347,5638
4348,5640
4349,5641
4350,5642
4352,5644
4354,5646
4355,5648
4356,5649
4357,5650
4358,5651
4359,5652
4360,5653
4362,5655
4364,5657
4365,5658
4366,5659
4367,5660
4368,5661
4369,5662
4370,5663
4372,5665
4373,5666
4374,5667
4375,5668
4377,5670
4378,5671
4379,5672
4381,5674
4387,5680
4391,5684
4392,5685
4393,5686
4394,5687
4396,5689
4397,5690
4399,5692
4401,5694
4404,5697
4408,5701
4409,5702
4410,5703
4411,5704
4412,5705
4618,4649
3382,4633,4647
5138,5235
4345,5632,5635
5709,5892
5744,6765
5758,18454
5774,5893
5782,5784
5813,18470
5820,6690
5904,5905
5903,5906,5908
5917,5985,6178
5918,5986,6147,6179
5919,5987
2450,5920,5988,6181
5921,5989,6182
5922,5990,6183
5923,5991,6184
5916,5924,5984,5992,6177,6185
5948,5949,5957,5958,5959
6004,6008
6005,6009
6110,6617
6113,6114,6303,6835,6836
6144,6217,6233,6239
6146,6172
6148,6173
6153,6157
6155,6163
6188,6189
6237,6240
6293,6601
6294,6606
6295,6608
6297,6613
6299,6614
6112,6302,6767,6833
6305,6411
6308,6310
6315,6782
6330,6331
6332,6333
6450,6453
6491,6493
6495,7300
6497,6504
6500,6512
6510,6511
6562,6574
6609,6611
6636,6807
6640,6766,6772,6831
6641,6773
6646,6845
6678,6854
6696,6709
6776,6837,6851
6829,6988
6882,7030,7053
6883,7031,7054
6877,6887,7019,7046
6904,6985
6920,6956
6924,6986
6981,7256
7002,7007
7004,7008
7005,7009
7006,7011
7015,7036
6881,7029,7052
7032,7055
7034,7058
7065,7066
7071,7150
7085,7088
7121,7184
7122,7185
7123,7187
7124,7188,41674
7125,7189
7141,7142
7206,7211
7207,7209
7217,7221
7255,7269
7285,7290
7344,7345
7446,7451
7598,7600
7718,7739
7720,7837
7723,7930
7725,7737,7787
7745,7819
7755,7815
7710,7757,7831
7770,7778
7727,7753,7754,7756,7771,7807,7818,7821
7777,7810
7735,7780,7809
7788,7823
7709,7827,7829
7857,7867
7872,8223
7874,7888
7875,7881
7876,7879,7898
7894,7897
7905,7906
7908,7909,7910
7913,7914,7916,7917,7918,7919,7920,7922
7938,8037
7939,8036,8082,8105,8248
7947,7951
7964,8010
7977,7982,7994
7980,8001
7942,8038,8086,8104
8044,8056
8046,8057
8088,8092
8089,8099
8115,8117,8118
8135,8174
8137,8164
8147,8193
8134,8157,8158,8185,8188,8196,8210
8162,8190
8167,8209
8168,8195,8208
8175,8202
8178,8212
8183,8206
8237,8246
8263,10785
8285,8292
8305,8307,8513,8522,8559
8308,8422
8318,8487
8328,8331,8338,8341,8359
8340,8347
8327,8329,8330,8333,8334,8335,8336,8337,8342,8345,8348,8349,8351,8354,8356,8358,8360,8361,8363,8364,8366,8367,8368,8372,8375,8376
8339,8344,8346,8353,8369,8370
8355,8371
8388,8553
8389,8538
8399,8407
8405,8471
8413,8531
8434,8438
8437,8439
8470,8526
8571,8579
8574,8595
8598,8601
8600,8612
8607,8613
8633,8634,8635,8636,8637
8648,8649,8651,8654,8656,8657,8658,8660,8661,8662
8650,8659
8670,8884
8673,8691
8674,8675,8751,8865
8677,8684,8752,8851
8678,8715,8719,8735
8681,8860
8682,8692
8685,8695,8737,8743
8690,8723
8693,8857,8866
8696,8717,8722,8753
8697,8699
8728,8731,8733
8754,8854
8771,8842
8761,8773,8802
8774,8789
8776,8778
8786,8816
8779,8788,8813,8827
8799,8831
8801,8808,8837
8804,8840
8806,8809
8811,8825
8821,8828
8686,8856,8864
8859,8862
8875,8877
8886,8898,8905
8895,8896
8915,9124
8922,8927,8931
8926,8929
8914,8933,8950,8951,8953,8954,8956,9125,9126,9672,9673,9770,9773,9775,9880,9881,9882,9883,9890,9896,9924,9994,9996,10629,10677,10698
8941,8942,8943
8948,9671
8952,9922
8960,9113
8961,8962,8963,8964,8966,8967,8969,9111
8971,8981
8974,9811
8980,9107,10017,10099,10352
8988,8992
8993,10162
9011,9013,9016,9021,9024,9025
9008,9010,9012,9014,9015,9017,9019,9020,9022,9023
8983,8986,8999,9026,9109,9118
9029,9116
9035,9053,9070,9078,9084,9090,9095
9040,9063
9043,9055
9031,9032,9047,9049,9050,9051,9062,9073,9076,9091,9100
9061,9064,9077,9092
9065,9089
9069,10940
9080,9087
9082,9088,10720
9033,9083,9101
9105,9106
9133,9200
9134,9146,9198,9250
9135,9203
9136,9209
9139,9188
9143,9144
9149,9228
9153,9156,9159,9160,9169,9173
9154,9157,9163
9158,9161,9162,9171,9174,9175,9176,9182
9165,9178,9184
9152,9177,9183
9186,9187
9189,9294,9299,9467
9196,9246
9211,9221
9213,9230
9254,9255
9300,9315
9301,9320
9132,9140,9141,9142,9193,9194,9218,9222,9224,9226,9227,9235,9237,9245,9247,9251,9252,9253,9256,9257,9258,9260,9261,9262,9263,9266,9267,9268,9270,9271,9272,9274,9275,9276,9278,9279,9280,9281,9282,9284,9285,9286,9287,9289,9290,9291,9304,9307,9317,9328,9332,9344,9354,9357,9372,9376,9380,9383,9385,9409,9420,9421,9426,9430,9432,9437,9438,9439,9470,9476,9479,9507,9513,9524,9526,9539,9545,9570,9577,9583,9597,9617,9637,9638,9646,9650,9656,9663,9666
9326,9413
9333,9435
9336,9359,9397,9422
9339,9384
9351,9353,9394
9362,9419
9345,9375,9401,9412
9329,9399,9425
9269,9277,9331,9335,9338,9341,9342,9348,9355,9363,9368,9377,9381,9387,9388,9395,9405,9411,9415,9488,9509,9649
9443,9451
9444,10539
9447,9459
9448,10538
9458,10543
9463,10549
9498,9550
9500,9636
9502,9531,9596
9505,9623
9511,9533
9515,9544
9534,9551
9535,9655
9540,9632
9541,9594
9543,9642
9547,9606
9554,9622,9624
9559,9588
9552,9560,9575
9520,9522,9561,9630,9634
9567,9625
9568,9569
9591,9610,9635
9565,9595,9629,9639
9490,9546,9579,9586,9599,9607,9608,9620,9628,9651,9660
9678,9732
9682,9758
9691,9695
9676,9679,9693,9694,9696,9699,9707,9709,9711,9721,9729,9733,9742,9750,9759,9760,9763,9765
9701,9735
9684,9703,9706,9708,9710,9740,9747,9752
9704,9705
9713,9764
9686,9716,9724,9745,10916
9719,9754,9762
9769,9772,9926
9785,10165,10219,10223,10241
9793,10138
9806,9879
9797,9807,9828
9812,9814
9816,9819
9834,9850
9836,9856
9824,9841,9843,9846
9845,9848
9851,9854
9866,9878
9884,9885,9886,9887
9888,9990
9897,9901
9923,10713
9936,9945
9935,9938,9949,9959,9964,9967,9979,9988
9944,9977,9981
9933,9934,9947,9951,9952,9956,9963,9970,9971,9974
9987,10646
9995,10756
10005,10010,10013
10016,10941
10018,10569
10024,10100
10026,10034,10043
10028,10074
10030,10054
10032,10088
10047,10050,10051,10066
10037,10052,10056,10077
10055,10059
10063,10064,10084
10065,10067,10070,10086
9961,9997,10090,10094,10338,10344,10353,10401,10407,10421,10495,10620
10098,10345
10104,10113
10106,10709
10101,10123,10531
10129,10131,10135,10141
9867,9869,10128,10130,10132,10134,10140,10143
10152,10566
10155,10564
10023,10157,10336,10346,10351
10166,10233
10171,10227
10173,10213
10182,10235
10178,10184,10187,10509
10174,10175,10180,10181,10185,10189,10190,10195,10199,10200,10203,10206,10207,10218,10224,10230,10234,10264
10201,10266
10211,10257
10212,10258
10231,10254
10270,10555
10274,10280,10292,10293,10296
10284,10301
10285,10307,10319
10286,10305
10290,10320,10321
10304,10322,10330
10310,10329
10311,10325
10003,10008,10109,10110,10112,10114,10117,10160,10168,10188,10347,10451,10491,10494,10503,10526,10529,10558
10107,10288,10355,10357,10358,10359,10361,10362,10363,10364,10366,10367,10368,10369,10370,10371,10372,10373,10374,10375,10377,10378,10379,10380,10381,10382,10383,10384,10385,10386,10387,10388,10389,10551
10365,10560
10396,10402,10449,10453,10454,10470,10474,10493,10501,10502
10400,10410
10403,10499,10506
10397,10404,10432,10441,10459,10478,10496,10525
10420,10438
10422,10522
10426,10507
10430,10431,10448,10450,10457,10468,10476,10486,10489,10504,10517
10435,10521
10436,10511
10439,10471,10514
10445,10447
10458,10942
10462,10481,10497
10467,10523
10483,10498
10500,10516,10519
10092,10118,10528,10552
9445,9452,9456,9462,10533,10534,10537
10559,10627
10576,10583
10579,10580,10593,10607,10614
10581,10591
10356,10584,10590,10611,10612
10592,10609
10605,10617
10641,10657
10632,10633,10634,10637,10638,10640,10643,10645,10647,10649,10652,10655,10658,10659,10661,10666,10669,10671,10673,10676
10651,10670,10672
10682,10695
10684,10685
10701,10705
10702,10707
10711,10712
10721,10724
10727,10733,10735
10730,10736
10731,10746
10732,10754
10793,10794
10815,10858
10821,10827
10835,10836,10838
10853,10855
10867,10876
10887,10888
10891,10900
10905,10932
10907,10914
10911,10936
11092,11110
11146,11156,11166
11147,11162,11173,11182,11184
11167,11175,11180
11187,11192
11217,11222
11273,11275,11278,11279,11283
11274,11280,11282
11291,11292
11365,11374
11388,12600
11453,11465
11528,12069
11530,14061
11532,13445,13942,14140
11581,14113
11602,11850
11683,11684
11669,11776,11787,11827,11875,12024,12078,12190,12225,12275,12859,12989,13117,13142,13354,13410,13455,13943,14032,14658,15305,15335
11657,11804,12074,12197,12856,14135
11829,13900
11840,13095,14250
11841,12248,13098,13915,14252
11856,13104
11864,13113
11866,13114
11877,13118
11880,13123
11904,11911
11268,11931,12596,13353
11962,12577
11973,12340
11975,12342
11998,12397
12007,12417
12016,12043,12983,13143,13376,13945
12022,13409
12031,12185
12045,12054
12136,12139
11822,12210,12297,12981,13412,13935,14107
12217,13005
12245,13419
12304,13350
12335,14575
12536,13220
12603,14480
12619,12627
12682,12684
12686,12816
12699,12701
12706,12756
12733,12775
12755,12798
12778,12804,12811
12807,12818
12835,13364
12837,13352
12838,13339
12842,13416
12845,13425
12865,13372
12866,13367
12871,13429
12906,12911
12919,12920
12926,13282,13653,13662
12979,12988
13009,13063
13099,13912
13102,13910
13131,13387
13139,13324,13444
13144,13395,13520
13156,14811
13284,14697
13286,13289
13293,13302
13375,13532
13379,13510
13386,13533
13388,13522
13393,13519
13400,13538
13405,13542
13453,13460
13454,13644
13478,13525
13502,13503
13625,13648
13627,13639
13628,13647
13634,14718,14719,14736,14747
13669,13690
13745,13768
13879,15374
14280,14283
14367,14452
14533,14571
14602,14603
14707,14739
14817,14821
14860,14863,14864
14913,15058
14917,14941
14944,14949
14945,15000,15001,15048
14954,15036
14973,14994
14982,15057
14995,15002
14996,15052
15139,15203
15158,15161
15186,15212
15225,15255
15461,15465
15604,15637
15665,15667
15709,15726
15722,15766
15803,15807
15825,15828
15869,15886
15877,15880,15882
15946,15956
15947,15963,15992
15952,15967
15968,15983,15986
15969,16011
15988,16009,16012
15993,15996,16007
16048,16058
16049,16053
16050,16060
16055,16062
16092,16110,16143,16205
16093,16096
16106,16195
16107,16148
16108,16138
16109,16204
16111,16200
16112,16201
16120,16153
16103,16124,16147,16173
16125,16126
16139,16176
16141,16210
16144,16206
16145,16157
16150,16152
16154,16177
16166,16170
16180,16193
16278,16309
16285,16303
16554,16568
16614,16616
16660,16663
16833,17409
16840,16908
16845,17423
16858,16860
16886,17419
16890,16955
16901,16919,16951
16903,16912
16905,16906,16923
16941,16942
17030,17031
17119,17122
17155,32468
17173,32471
6108,6616,7334,17131,17179,17181,17196,17204,17209,17210,17211,17306,17312,17711,17727,18608,19159,42655
17214,17220
17217,17218
17281,17283
17310,17326,17327,17328
17332,17333
17335,17342
17346,17349
17359,17371
17365,17372
17386,17399
16977,17105,17403,18200
17417,17418
17458,17465
17459,17460
17474,18022
17476,18010
17492,18012
17495,18005
17497,18049
17498,18063
17501,18034
17504,18030
17505,18054
17502,17503,17506,18044,18057,18061
17508,17511,18038,18051
17510,18046
17513,18039
17514,18074
17515,18041
17517,18068
17518,18040
17587,17594
17600,18691
17601,18692
17629,17708
17630,17726
17958,17988
17959,17966
17978,17982,17986
18033,18042
18043,18045,18047,18053,18055,18056,18059,18060,18064,18066,18072,18073
18143,18144
18157,18161
18158,18170
18163,18172
17092,17093,18196,18201
18211,18223
18239,18263
18542,18543
18659,18665
18660,18662
18661,18663
18672,18755,18770,18811
18683,18725,18735,18793
18686,18744
18688,18694,18702
18695,18703
18726,18786
18742,18745
18753,18810
18782,18794
18788,18805
18789,18801
18919,18924
18931,18946,18954,18962,19021,19027,19036,19093,19103,19124,19138,19141,19143,19160,19161,19162,19167,24747,32900
18963,18966
18987,19013
18980,18990,18992,19003,19015
19017,19018,19750
19040,19044
19041,19043
19168,19171
19172,19174
19195,19218
19202,19204,19216,19229,19244
19221,19240
19223,19232
19227,19237
19247,19249
19256,19688
19257,19641,19643
19284,19411
19295,19297
19300,19359
19305,19308,19316
19307,19309,19317
19312,19314
19318,19319,19321,19322,19324,19325
19369,19447,19499
19399,19544,19646
19440,19442
19450,19616
19451,19617
19453,19618
19272,19299,19323,19333,19341,19352,19358,19375,19401,19408,19409,19433,19454,19493,19496,19529,19539,19545,19549,19561,19565,19576,19587,19590,19606,19626,19645,19653,19654,19658,19663,19668,19670,19682,19686
19460,19585,19613,19631
19258,19473,19512,19572,19583,19642
19497,19498
19514,19629
19518,19651
19568,19570
19604,19605
19666,19669
19674,19675
19691,19692
19725,19729
19764,19765
19774,20571
19786,19865
19796,19798
19806,19825
19890,19892
19891,19948
19894,19902
19969,20108,20139
20044,20051
20045,20052
20046,20053
20070,20112
20074,20117
20078,20091
20080,20082
20084,20094,20099
20089,20090
20092,20131
20095,20100
19980,20106,20110,20142
20076,20105,20109,20120,20140
20121,20126
20128,20135
20130,20137
20202,20561
20250,20275
20290,20294
20329,20339,20341
20418,20433
20437,20526
20455,20500
20477,20525
20483,20533
20487,20536
20495,20541
20508,20511
20514,20516
20648,20649
20657,20660
20670,20965
20710,20759
20711,20734,20758
20713,20757
20719,20728
20720,20731
20733,20748
20735,20737
20762,20770
20765,20768
20763,20766,20767,20772,20773
20778,20793
20781,22114
20798,20855
20810,20858
20821,20872
20879,20897
20881,20898
21043,22797
21055,22832
21075,21076
21116,21166
21124,21154
21138,21160
21180,21958
21306,21312
21309,21311,21323
21375,22915
21392,23915
21401,22669
21414,21416
21455,21470
21615,23101
21617,22954
21629,21645
21694,21696
21807,21810
21884,21889
21936,21940,21942
21979,21998
22038,23849
22043,22053
22045,22049,22061
22051,22056
22044,22050,22055,22057,22063,22064,22066
22047,22058,22060
22067,22068
22078,22083,22089
22271,41313
22605,22614
22696,22702,22703
22698,22706
22707,22712
22708,22711
22734,22751
22933,22934
23065,23074
23072,23077
23177,23180
23216,23217
23236,23258
23332,23503
23335,23339,23346
23354,23397
23373,23504
23415,23416
23425,23428,23430
23464,23474
23507,23521,23523
23511,23520
23644,23724
23646,23670
23675,23681,23682,23764,23775,23797
23688,23751
23690,23753
23691,23749
23693,23738
23695,23741
23698,23747
23699,23746
23700,23745
23701,23740
23702,23743
23714,23768
23756,23767
23766,23798
23899,23903
23996,23999
24046,24049
24080,24082
24173,24185
24270,24274
24281,24298
24282,24293
24284,24297
24286,24296
24299,24304
24303,24315
24415,24417
24532,24533,24534
24570,24571,24635
24578,24586
24589,24590,24625
24592,24600
24594,24604
24612,24623
24613,24621
24579,24615,24630
24626,24629
24662,24665
24680,24681
24726,24730
24732,32708
24800,25643
24804,25658
24857,24880
25067,25117
25068,25114
25070,25473
25085,25086
19048,25097,25099,25104,25105,25129,25131,29919,32986,32995,33038,40803,41365,43183,43186
25168,25255
25172,25173,25174,25176,25177,25179,25186,25187
25178,25182
25194,25693
25466,25472
25680,25690
25706,25708
25726,25732
25744,25747
25790,25802
25795,25809
25868,25961
25942,26003
25948,25996
25950,25999
25953,25984
26004,27015
26023,26050
26044,27036
26217,26358,30208,30878
26227,26352
26239,26260
26247,26434
26251,26433
26253,26431
26256,26427
26261,29745
26313,26314
26370,30211
26387,31353
26443,26444
26493,26506
26495,26504,26510,26513,31237,31246,31512,31585,31587
26491,26494,26499,26500,26501,26507,26508,26511,26516
26498,26505,26515
26530,31715
26564,26584
26587,26589
26634,26797
26688,26819
26690,26821
26693,26824
26697,26828
26735,26737
26883,29012
26955,26969
27156,27164,27171
27158,27168
27159,27218
27163,27170
27160,27161,27166,27172,27216,27222
27175,27180,27187,27195,27196,27214
27184,27204
27189,27215
27191,27192
27193,27202
27186,27197,27200,27207,27213
27277,28723
27326,27329,27333
27332,27335,27337
27384,27385
27402,27405
27413,27414
27868,32627
27870,27874
28009,28018,28365,28472,28668,28678,28679
28024,28588
28116,28117
28529,28534
28725,28759
28728,28734
28730,28733
28770,28771,28772
28788,28829
28842,28858
28908,28939
28909,28938,28948,28949,28960
28910,28946,28959
28919,28955
28921,28958
28928,28943
28922,28925,28926,28932,28934,28941,28942,28945,28950
25671,29039,29042
29098,29106
29149,30109
29171,29313
29214,29218
29296,29298
29365,30874
29368,30184,30875
29384,29729,30250
29385,29387
29550,30616
29591,29602
29597,29601
29600,29622
29588,29593,29598,29605,29620,29624,29627
29639,29641,29653
29666,29669
29667,29670
29718,30154,30245
29726,30240
29744,30122
29768,29783
29826,29832
29828,29830
30177,30213
30255,30258
17915,19868,19869,19870,19872,19874,19875,19876,19877,19936,27436,29253,30297,30298,30299,30823,31319,31850,31855,33705
30566,30600
30719,30754,31349
30725,30735
30771,30819
30784,30785,30789,30796,30800,30807,30934,31529,31548
30787,30806
30786,30791,30798
30792,30801
30793,30797
30802,30808
30838,30841
31038,31040,31044
31228,31229,31230,31232,31235,31236,31238,31239,31242,31243,31244,31245,31248,31250,31253,31254,31255,31256,31257,31526,31533,31544,31567,31569,31570,31580,31583,31590,31603,31606,31610
31249,31592
31332,31335
31337,31342
31340,31346
31366,31370
31369,31373
31519,31609
30943,31523,31550,31611,31617
31524,31595
31530,31551,31565
31542,31553
31545,31554
31552,31559
31558,31576,31608,31612
31598,31614
31816,31819
31823,31985
26322,29854,30134,30821,30822,31840,31841,31842,31843,31844,31845,31846,31847,31848,31849,31851,31853,31854
31906,31923
31919,31921,31934
31957,32017,32019
31967,32015
31983,32029
30768,30818,30923,30950,31958,31960,31977,31989,31998,32009,32014,32016
31955,32004,32024
32051,32059,32062,32063,32068,32072
32054,32069
32060,32061
32088,32096
32150,32152
32215,32216,32217,32863,32909
32298,34096
32416,34177
32420,34160
32447,34179
32456,32474
32492,32494,32495
32498,32502
32517,32518,32524,32527,32528,32532
32531,32542
32533,32545
32543,32546
32801,32895
32840,32851,32920
32868,32915
33023,33024
33026,33039
33667,33671
33879,34480
33894,34494
33898,34496
33899,34497
33903,34498
33904,34499
33906,34501
33907,34502
33910,33913
33917,34511
33967,33969
33974,34389,34392
34037,34516
34044,34048
34057,36808
34059,36810
34060,36968
34062,36814
34067,36818
34068,36819
34073,36984
34074,36985
34189,34194
34191,34192
34214,34217,34218,34221,34223
34238,34253
34301,34306
34326,34329,34330,34334,34338
34331,34339
34390,34391
34172,34417,34418,37292
34419,34420
34505,34510
34565,34651
34572,34654
34576,34587
34578,34667
34583,34670
34585,34589
34633,34646
34635,34677
34656,34662
34658,34659
34697,34703
34698,34699,34707,34708,34712,34713
34728,36625
34729,37290
34730,36627
34836,34852,34854
34873,34875
34880,34883
34884,34901
34889,34895
34971,35571
34985,34986
35022,35024,35028,35047
35033,35044
35036,35037
35116,35117
35122,35124
35127,35129
35155,35170
35157,35168
35158,35160,35162,35163,35164,35165,35166,35167,35169
35191,35192,35195
35228,35248
35229,35242
35280,35285
35291,35292
35308,35311
35314,35316,35317,35318,35320,35322
35315,35319,35321,35323,35324
35340,35347
35368,35373
35363,35371,35372,35374,35380,35382,35383,35407,35426,35439
35362,35365,35367,35369,35370,35376,35381,35385
35395,35399
35392,35397,35401,35402
35409,35432
35411,35445
35415,35438
35431,35447,35448
35458,35485
35468,35488
35469,35470
35493,35531
35467,35504,35523
35517,35524
35548,35560
35549,35552,35559
35550,35554,35556
35561,35565
35562,35564,35566
35577,35587
35581,35608
35585,35611
35578,35593,35606
35633,35634,35637
35760,35761
35762,35770
35773,35774
35779,38104
35780,38105
35781,38106
35782,38107
35783,38108
35784,38109
35786,38111
35787,38112
35789,38114
35794,38118
35797,38121
35799,38123
35800,38124
35801,38125
35802,38126
35803,38127
35804,38129
35806,38131
35807,38132
35808,38133
35809,38134
35810,38135
35811,38136
35812,38137
35813,38138
35814,38139
35815,38140
35816,38141
35817,38142
35818,38143
35820,38145
35841,37685
35859,35860
35889,35896
35892,36587
35923,35924
35933,35936
36100,36101
36112,37697
36113,37699
36114,37700
36115,37701
36145,36146
36238,36643
36260,39517
36297,37764
36352,36357
36356,36359
36379,36381
36385,36386
36434,37716
36442,38455
36545,38037
36575,36579
36607,36639
36609,36641
36616,36618
36621,36634
36878,37013
36879,37015
36880,37016
36881,37018
36887,37009
36947,36949
37000,37001
37054,37055
37061,37062,37068
37087,37089
37106,37108
37115,37116
37135,37136
37140,37152
37145,37147,37153
37237,37238
37378,37393
37405,37454
37441,37451
37500,37501,37503,37504
37568,37571
37574,37585
37577,37579
37598,37600
37609,37616
37632,37642
37719,38103
37802,37803
37818,37819
37842,37844
37870,37875
37891,37899
37962,37985
37963,37965
37968,37992
38000,38004
38001,38002
38019,38024
38020,38025
38082,38084
38096,38097
38209,38219
38210,38211
38215,38220
38283,38453
38375,38378,38379
38384,38397
38389,38391
38406,38425
38415,38416
38514,38519
38591,38670
38820,38832
38849,38856
38850,38876
38855,38863,38864
38889,38900
38926,38928
39137,39249
39415,39416,39418
39432,39479
39453,39457
39490,39491
39556,39563
39609,39610
39696,39912
39709,39710
39720,39721
39812,39816
39888,39889,39890
39892,39893
39897,39898,39899
39913,39914
39965,39966,39967
39997,40179
40042,40043
40044,40045,40046
40146,40147
40148,40149
40230,40233
40250,40251
40293,40295
40299,40300
40321,40328
40325,40329
40326,40330
40327,40334
40335,40336
40366,40367
40409,40416
40413,40415,40417
40508,40510
40513,40515
40517,40519,40521,40524
40518,40522
40606,40607
40718,40726
40720,40725
40747,40771
40753,40763
40842,40901
40877,40878
40914,40916
40928,40936
40929,40931,40939,40941
40930,40937
40942,40949
41083,41084
41141,41158
41142,41159
41199,41219
41200,41220
41202,41203,41209
41204,41205
41206,41221
41207,41222
41265,41272
41299,41300
41306,41318
41389,45878
41472,41474
41547,41552
41565,41566,41567,41569,41573,41642
41568,41605
41570,41571
41572,41685
41581,41592
41585,41696
41579,41582,41587,41654,41704,41710,41713
41591,41695
41564,41606,41645,41646
41594,41620,41665,41716
41621,41626,41637,41668
41623,41740
41624,41725
41627,41633
41635,41748
41640,41643
41657,41659
41683,41689,41690,41691
41684,41688
41693,41701
41694,41700
41718,41721
41727,41739
41735,41736,41738
41937,43339
41955,45901
41960,45250
41979,41984
41988,41989
41990,41992,41994,41995
42004,42007
42008,42009,42152,42153
42012,42138
42032,42130
42033,42140
42047,42048
42049,42050
42063,42065
42064,42066,42067,42070,42071,42072
42082,42083
42088,42091
42089,42092
42102,42108
42035,42104,42110
42107,42109,42112
42119,42120
42121,42122
42148,42150
42158,42187
42161,42184
42163,42191
42165,42185
42166,42188
42171,42192
42173,42190
42180,42193
42234,42239
42237,43621
42240,42241
42266,43638
42325,42327
42411,42415
42542,42548,42551
42574,45629
42581,42584
42607,42615
42632,42633
42656,45774
42665,42684
42765,45829
42772,42777
42776,42781
42801,42803,42811,42813,42815,42817
42804,42807
42825,42827
42830,45655
42847,42895
42853,42906
42863,42916
42959,42967
42966,42973
42962,42971,42976
42972,45868
43047,43053
43079,45824
43085,45843
43104,43116
43119,45864
43139,43140,43141,43142,43144,43145,43146,43147
43156,43160
43199,43202
43257,43284
43277,45062
43274,43279,43280,43281
43289,43290,43293,43294
43291,43292
43295,43312
43303,43304
43335,45487
43341,45489
43344,43366
43353,43365
43355,43364
43464,43467
43523,43524
43599,43967
43634,43673
43637,43641
43645,43659
43647,43648
43740,43741
43759,43763
43764,43769
43796,43806,43809,43814,43818,43821,43822
43801,43802,43804,43807,43808,43810,43813,43816,43819,43820
43833,43850
43838,43842,43845,43853,43860,43864,43867,43873
43951,43952
43954,43956,43961
43955,43959
43958,43963
44000,44001
44040,44042
44044,44053,44055
44124,44127
44210,44215
44218,44220,44222
44304,44309
44316,44373
44320,44337
44321,44334
44323,44341
44326,44366
44327,44384
44328,44365
44329,44345
44332,44344
44333,44376
44429,44602
44442,44585,44817,44875
44443,44586,44816
44445,44568
44455,44619,44744
44467,44853
44478,44600
44494,44971
44496,44856,44972
44499,44699,44860,44975
44500,44861,44976
44504,44793
44507,45076
44440,44530,44842,45138
44541,44964
44574,44847
44441,44451,44533,44575,44846
44584,44911
44590,44874
44596,45023
44599,44612
44611,44799
44476,44550,44598,44607,44608,44613,44657,44737,44778,44878,45002,45093,45130
44617,44742,44863
44570,44618,44740,44985
44620,44743
44621,44741
44622,44739
44624,44746
44625,44745
44626,44682,44707
44627,44747
44629,44748
44431,44520,44566,44571,44591,44637,44638,44639,44640,44641,44767,44768,45043,45152,45180
44642,44700,44755
44648,44649,44650,44651
44653,44654
44676,44678,44679,44680,44681
44686,44687,44688,44689,44691,44692
44497,44697,44858,44973
44713,44725
44715,44728
44716,44729
44717,44730
44721,44734
44724,44917
44753,44941
44471,44539,44825,44840,44849,44963,45050
44540,44850,44966
44501,44862,44977
44877,44879
44883,44900
44886,45020
44887,45015
44893,45029
44896,45187
44898,45038
44912,44913
44922,44923
44931,44933
44935,44937
44939,45039,45168
44940,45041
44947,45075
44979,45053
44988,44990
45008,45011
45031,45034
45149,45173
45163,45166
45345,45373
45379,45398
45383,45388
45384,45391
45386,45387
45475,45730
45518,45519,45520,45523
45528,45529
45541,45545
45543,45548
45570,45576
45572,45577
45573,45580
45574,45575
45679,45682
45692,45698
45700,45701,45702,45703
45747,45748
45763,45765
45768,45769
45912,46059
45958,45960
45966,46036
46000,46015
46046,46047
46050,46070
46054,46055,46073
46057,46074
46099,46102
