0,587
1,588
2,589
3,590
4,591
5,592
6,593
7,594
8,595
9,596
10,597
11,598
12,599
13,600
14,601
15,602
16,603
17,604
18,605
19,606
20,607
22,609
23,610
24,611
25,612
26,613
27,614
28,615
29,616
31,618
32,619
33,620
34,621
35,622
36,623
37,624
38,625
39,626
40,627
41,628
42,629
43,630
45,632
46,351,365,633,938,952
47,352,366,634,939,953
48,635
49,636
51,638
52,639
54,641
55,355,369,642,942,956
56,643
58,645
59,646
60,647
61,648
62,649
63,650
64,651
65,652
66,653
67,654
68,655
69,656
70,657
71,658
72,659
73,660
75,662
76,663
77,664
78,665
79,666
80,667
81,668
82,669
83,670
84,671
85,672
86,673
87,674
88,675
89,676
90,677
91,678
92,679
93,680
94,681
95,682
96,683
97,684
98,685
99,686
100,687
101,688
102,689
103,690
104,691
105,692
106,693
107,694
108,695
109,696
110,697
111,698
112,699
113,700
114,701
115,702
116,703
117,704
119,706
120,707
121,708
122,709
123,710
124,711
125,712
126,713
127,714
128,715
129,716
130,717
131,718
132,719
133,720
134,721
135,722
136,723
137,724
138,725
139,726
140,727
141,728
142,729
146,733
147,734
148,735
149,736
150,737
151,738
152,739
153,740
154,741
156,743
158,745
159,746
160,747
161,748
162,749
164,751
165,752
166,753
167,754
168,755
169,756
171,758
172,759
173,760
174,761
175,762
176,763
177,764
178,765
179,766
181,768
182,769
183,770
185,772
186,773
187,774
188,775
189,776
190,777
191,778
192,779
193,780
194,781
195,782
196,783
197,784
198,785
199,786
200,787
201,788
202,789
203,790
204,791
205,792
206,793
207,794
208,795
209,796
210,797
211,798
212,799
213,800
214,801
216,803
217,804
218,805
219,806
221,808
222,809
223,810
224,811
225,812
226,813
227,814
228,815
229,816
230,817
231,818
232,819
233,820
234,821
235,822
236,823
237,824
238,825
239,826
240,827
241,828
242,829
243,830
244,831
245,832
246,833
247,834
248,835
249,836
250,837
251,838
252,839
253,840
254,841
255,842
256,843
258,845
259,846
260,847
261,848
262,849
263,850
264,851
265,852
267,854
268,855
269,856
270,857
271,858
272,859
273,860
275,862
276,863
277,864
278,865
279,866
280,867
281,868
282,869
283,870
284,871
285,872
286,873
287,874
288,875
291,878
292,879
293,880
294,881
295,882
296,883
297,884
298,885
299,886
300,887
301,888
302,889
303,890
304,891
305,892
306,893
308,895
309,896
310,897
311,898
312,899
313,900
314,901
315,902
316,903
317,904
318,905
319,906
320,907
321,908
322,909
323,910
325,912
326,913
327,914
328,915
329,916
330,917
331,918
332,919
334,921
335,922
336,923
337,924
338,925
339,340,926,927
341,928
342,929
343,930
344,931
345,932
346,933
347,934
348,935
349,936
350,937
354,941
357,371,944,958
358,945
361,948
362,949
363,950
364,951
353,367,940,954
53,368,640,955
50,356,370,637,943,957
372,959
374,961
375,962
376,963
377,964
378,965
379,966
380,967
381,968
382,969
383,970
387,974
388,975
389,976
390,977
392,979
393,980
394,981
397,984
398,985
399,986
400,987
401,988
402,989
403,990
404,991
405,992
406,993
407,994
408,995
409,996
410,997
411,998
412,999
414,1001
415,1002
416,1003
417,1004
418,1005
419,1006
421,1008
422,1009
423,1010
424,1011
425,1012
426,1013
427,1014
428,1015
429,1016
430,1017
431,1018
432,1019
433,1020
434,1021
435,1022
436,1023
437,1024
438,1025
439,1026
440,1027
441,1028
442,1029
443,1030
444,1031
445,1032
446,1033
447,1034
448,1035
449,1036
450,1037
451,1038
452,453,1039,1040
455,1042
456,1043
457,1044
459,1046
458,460,1045,1047
461,1048
462,1049
463,1050
155,464,742,1051
465,1052
466,1053
467,1054
468,1055
469,1056
470,1057
471,1058
472,1059
473,1060
474,1061
475,1062
476,1063
477,1064
478,1065
479,1066
480,1067
481,1068
482,1069
483,1070
484,1071
485,1072
486,1073
487,1074
489,1076
490,1077
491,1078
492,1079
493,1080
494,1081
495,1082
496,1083
497,1084
498,1085
500,1087
501,503,1088,1090
502,504,1089,1091
505,1092
506,1093
507,1094
508,1095
509,1096
510,1097
512,1099
513,1100
514,1101
515,516,1102,1103
518,1105
519,1106
520,1107
521,1108
522,1109
523,1110
524,1111
525,1112
526,1113
527,1114
528,1115
529,1116
530,1117
531,1118
533,1120
534,1121
536,1123
537,1124
538,1125
539,1126
540,556,1127,1143
541,1128
542,1129
543,1130
544,1131
545,546,1132,1133
547,1134
548,1135
549,1136
550,1137
551,1138
552,1139
554,1141
555,1142
557,1144
558,1145
559,1146
560,1147
561,1148
562,1149
563,1150
564,1151
565,1152
566,1153
568,1155
569,1156
570,1157
571,1158
572,1159
573,1160
574,1161
575,1162
576,1163
577,1164
578,1165
579,1166
580,1167
581,1168
582,1169
583,1170
584,1171
585,1172
586,1173
