7,8
84,162,19165
93,105
109,7039
129,6122
131,133
132,134
139,7045
144,7038
167,7042
196,197,198
200,201,202,203
217,6611
219,220
225,226
278,8802
335,35435
364,39595
368,10367
387,733
454,477
471,472
655,658
664,665
672,673
727,729
734,737
735,736
741,747
769,774
783,785,786,787
784,788,791
813,814
864,865,867
872,873
874,879,883
928,2970
943,944
964,965,966
995,38599
1007,1010
1017,1018
1036,1037
1042,39885
1048,6226
1056,1057
1140,2001
1201,1639
1202,1640
1203,1641
1208,1213
1246,1247,1248,1249
1256,1501
1315,1316
1378,1583
1474,1475
1492,1493
1628,1629
1678,1679
1733,1734,1735
1772,1773
1795,1796
1797,1798
1799,1871
1869,1870
1879,1880
1884,1890,1894,1898
1889,1892
1885,1891,1899
1896,1900
1901,1903
1902,1904
1250,1251,1905,1906,1907,1908
1955,1957
1979,1980
2080,2082
2081,2083
2087,7594,11063
2095,2096,6969,6970,6978,6979,7013,7014,11373
2100,11401
2101,11402
2107,2108
2109,7033
2115,2116
2117,2119
2120,2121
2141,6107
2145,2146
2150,2151
2160,2163
2162,18868
2179,21106
2284,2285
2296,8186
2361,2362
2392,2401
2417,2418
2452,2462
2512,2519
2567,2582,2592,8414
2568,2593
2569,2594
2575,2576
2586,8418
2588,8419
2589,8420
2654,2664
2703,2705
2713,4473,4474
2768,2769
2810,6091,9084
2821,2863,6092,6094
2882,7963
2897,2898
2899,2900
2901,2902
2950,2953
2975,3004
2995,3711
3006,5263
3049,3254
3058,3059
3060,3061
3073,3074
3078,3079,3080
3087,3088
3091,3092,3093
3099,3124
3132,3133
3135,3136
3156,3157
3185,3706
3186,3707
3199,3201,3202,3203
3206,3208
3209,3214
3237,3239
3245,3246
3279,3539
3286,3287
3310,3311
3317,3320,3322,3323
3330,3331
3348,3351
3349,3352
3350,3353
3387,3388
3390,3391
3407,3408
3427,3430
3431,3433
3456,7358
3457,3458
3463,3464
3468,3472
3470,3471
3498,4408
3515,3516
3519,4017,4186
3396,3537,4090
3578,3716,3717
3579,3714
3582,3920
3590,3592,3593
3599,3645
3600,3608
3601,3602
3603,4089,4363
3638,3788
3654,3655
3665,3666,3667,3668
3673,3674
3689,3691
3719,3722
3728,3729
3737,3738
3740,3998
3741,4002
3768,3769
3795,3796
3813,3822
3830,3831,3832
3612,3845,3989
3913,3914,3918
3916,3917
3929,4230,5961
3940,3942
3955,4109
4003,4010
4019,4020
4021,4024
4156,4263
4161,4163
4174,4175
4176,4178
4196,4197
4214,4234
4231,4372
4245,4247
4319,4320
4342,4349
4352,5327
4366,4367
4392,9311
4438,4439
4469,4470,4471
4477,5306
4495,4502
4496,4497,4499,4501
4498,4507
4533,5275
4545,4548
4572,4598
4573,4588
4585,4597
4614,4615,4616
4620,4621
4688,4690
4724,4727
4730,4733,4744
4734,4735,4736,4737,4738,4739,4740,4741,4742,4743
4773,4774
4778,4782
4791,4792
4800,4801
4813,4815
4816,4817,4818,4819
4826,4829,4839
4827,4840
4828,4841
4830,4831,4832,4833
4847,4848
4853,4854
4884,4885
4894,4895
4907,9335
4936,4955
4977,4978,4979
5007,5008,5013
5044,5045
5047,5048
5049,5053
5043,5050,5051,5052,5054
5056,5058,5060
5057,5059
5061,5062
5063,5065
5086,5087
5107,38727
5189,5190
5205,5308
5207,5212
5221,5222
5249,5250
5260,11854
5322,5325
5361,5370
5364,5365,5482
5375,5376,5386,5402
5389,5390,5391
5396,5397,5398
5400,5401
5418,5419,5420,5421,5426,5430
5425,5475
5427,5428,5429
5431,5449
5422,5424,5432,5448,5450
5433,5434
5443,5444
5458,5459,5460
5462,5463
5423,5438,5451,5466,5468,5469,5470,5471
5472,5473,5474,5476,5481
5506,5507
5550,18021
5553,10249
5555,10251
5557,5559
5560,10253
5561,10254
5565,5567
5569,5943
5572,10317
5574,5590
5580,6008
5582,6009
5600,10296
5621,5622
5635,5837,5898,21446,22653,39825
5651,5653
5663,5664
5674,5675
5687,5930
5689,5690,5691
5701,5702,5705,5728
5709,5710
5712,5713,5716
5724,5931
5726,5727,5933,5934
5750,5751
5767,5820,5944
5768,5821,5945
5769,5822
5812,5815
5842,5846
5859,5860
5865,5867
5882,5883
5921,5923
5935,5936
5952,5953,5954,5955
6017,6018
6035,11329
6049,6050
6054,6057,6058
6061,6063,6065
6062,6064
6103,18781
6135,6136
6143,6181
6150,6189
6152,6192
6159,18788
6109,6161,6202
6200,8187,18701
6160,6201,8188,18789
6262,6264
6269,6352
6271,6272
6276,6353
6288,10333,10970
6309,6430
6316,6338
6317,6339
6318,6340
6319,6346
6320,6347
6321,6348
6323,6349
6359,6361
6362,6363,6364
6456,6478
6467,6489
6469,6493
6470,6487
6473,6497
6476,6496
6477,6499
6511,6535
6527,6528
6548,6551
6556,6558,6559
6587,6602
6592,6593,6594
6607,6634,6645
6659,6666
6660,6662
6670,6671
6681,6698
6682,6699
6683,6700
6684,6701
6685,6702
6686,6703
6687,6704
6688,6705
6689,6706
6690,6707
6691,6708
6692,6693,6709,6710
6694,6711
6695,6712
6697,6713
6721,6726
6736,6740,6742
6758,6770,6788
6761,6771,6789
6762,6772,6790
6763,6773,6791
6764,6774
6765,6776
6768,6778,6795
6804,6805
6813,6814,6828,6829,6830,6839
6821,6841
6822,6842
6823,6843
6859,6862
6870,6871
6901,7063,7347,12356,12370,21370
6910,6911
6912,11231
6915,11242
6917,11216,11220,11221,11251
6918,11872
6919,11271
6925,6945
6930,6944
6931,6999
6940,6966
6946,8298
6942,6947,6977,7012,8295,11400,11450
6948,6968
6950,6972
6952,6974
6954,11454
6037,6955,11375
6967,6976
6981,6985
6983,6986
6989,6992
6998,11350,11389,11669
7002,11718
7004,7019
7005,7006,7007
7008,7020
7009,7021
7010,7022
6028,6030,6032,6033,6036,6038,6042,6044,6956,6995,7017,11319,11320,11327,11330,11338,11376,11377,11481,11491,11501,11532,11584,11663,11686
7031,7032
7100,7101
7122,7124
7149,7181,11708
6980,7155,11284
7171,7173
7229,7230
7242,7935
7270,7271
7288,7290
7293,7294,7295,11974
7313,38798
7316,38801
7320,7322
7325,7327
7041,7346,10603,20852,20878,21371
7359,7360
7367,7375
7373,7374
7378,7396
7428,7430
7438,7464
7450,7451
7452,7453
7456,7474
7461,7462
7467,7468
7472,9403
7478,7480
7484,7486
7492,7515
7496,7497
7481,7509,7511
7518,7519
7569,7618
7603,7604
7611,7612
6085,7621,18841
7633,7664
7649,7655
7681,7682
7686,7731
7691,7692
7694,7695
7706,7707
7710,7711
7714,7715
7720,7733
7738,7739
7745,7746,7748
7804,7816,7823
7818,7821
7847,7851
7874,7875
7896,7897
7900,7913
7901,7914,7928
7902,7915,7930,8402
7916,7931
7957,7958,7959
7968,8015,8137,9373
7971,8018
7975,7980,7981,7982,7983,7984,7985
7987,7988
4857,7989,10898
7991,8005
7994,8010
8006,8007
8020,8021,8022
8026,8027,8028
8029,8030
8033,8034
8036,8037
8039,8040
8087,8088,8093
8090,8091,8092,8120,8121
8103,8110
8115,8116
8117,8118,8119
8149,8151,8154,8156
8150,8152
8160,8172
8189,18703,18790
8193,8194
8268,8792
8270,8794
8274,8789
8304,8305
8326,8597
8348,8349,8350
8388,8389
8413,11740
8515,8522
8541,8542
8605,8673
8818,8820,8821
8845,8853
8846,8854
8882,8891
8886,8888
9168,9189
9170,9173
9192,9194
9204,9214
9244,9804
9248,9330
9249,9259
9288,10239
9377,9381
9417,10098
9479,9480,9484
9499,9500
9501,9502
9529,9532
9530,9533
9537,9539
9555,9566
9557,9558
9561,9568
9569,9571,9572,9574
9594,9595
9599,9600
9608,9609
9628,9658
9629,9662
9639,9641,9643,9644,9645,9697,9699
9646,9715
9651,9652
9654,9655
9666,9668
9673,9676
9677,9678,9679
9664,9675,9683,9684,9685,9696,9698
9693,9695
9702,9703,9706
9704,9705
9709,9710
9731,9732,9733
9740,9741
9743,9772,9773,9774
9753,9754,9756
9755,9757,9758,9760,9761,9762
9763,9764
9770,9771
9783,9784
9792,9793
9810,9813
9857,9858,9859,9864,9865,9866
9867,9868
9870,9871
9883,9889
9887,9888
9921,9922,9923
9928,9929
9969,9970
9990,9991
9997,9998,9999,10000
10009,10010
10011,10012
10017,10018
10025,10027
10026,10028
10039,10040
10054,10055,10056,10057
10058,10059
10132,10133,10134
10138,10139
10144,10145
10161,10162
10241,10244
10264,10334
10267,10268
10272,10273
10275,10298
10290,10306
10297,10339
10313,10314
10315,21484
10316,21486
10355,10356,10358
10374,10375
10423,11751
10424,11752
10428,10518,10523
10507,10510
10509,10511
10530,10622
10531,10623
10534,10535
10573,10574
10576,10578
10613,10614,10615
10632,10635
10642,10643
10652,10964
10666,10667
10671,10672,10673,10674,10675,10676
10731,10734
10753,10754
10756,10758
10787,10788
10794,10796
10802,10803
10809,10810
10839,10841
10874,10875
10931,10932
10938,10939
10940,10943
10946,10947
10948,10951
10975,10976
11021,11022
11025,11026
11058,11059
11100,11101
11131,11132
11139,11140
11184,11185
11202,11203
11211,11213,11215,11236,11248,11250
11217,11218,11219,11244,11245,11246,11269,11270
11229,11230,11235,11238,11239,11252,11253,11254,11255,11868
6913,6914,11224,11225,11227,11228,11232,11233,11261,11869
11212,11240,11256
11222,11241,11247,11258,11865,11867,11873,11877,11879
11214,11249,11262
11243,11257,11259,11866,11870,11874,11875
11260,11878
11263,11266,11267,11268
11280,11300
11285,11313
11303,11304,11306,11307
6957,11312,11315,11324,11349,11351,11395,11398,11452,11461,11527,11709,19172
6936,11318,11321,11394,11453,11564,11644,19204
6039,11336,11378,11594,11687
11341,11342
11346,11416
6926,11347,11417
11366,11475
11367,11476
11392,11665
11399,11468
11310,11420,11421,11422
11423,11425
11424,11426
11437,11650
11438,11651
11442,11595
11443,11596
11464,11467
11465,11549
11470,11471
11445,11478,11508,11643
11519,11540
11534,11631,11700,19176
11536,11632,11698,19177
11537,11545,11558,11634,11699
11535,11547,11560,11633,11701
11364,11562,11582,11617,11628
11365,11563,11583,11618,11629
11571,11640
11572,11641
11567,11574,11689
11575,11690
11577,11915
11599,11720
11604,11728
11605,11727
2097,2104,5124,6029,6031,6034,6040,6043,6045,6927,6932,6933,6949,6953,6959,6963,6964,6994,6997,7015,7016,7144,7145,7146,7147,7148,7150,7151,7152,7153,7154,7156,7158,7159,7160,7161,7162,7163,7166,7167,7170,7172,7174,7175,7176,7178,7179,7180,7182,7853,7856,10889,11283,11289,11290,11291,11292,11295,11298,11305,11317,11322,11328,11331,11332,11335,11339,11344,11345,11358,11363,11371,11379,11381,11382,11385,11388,11390,11393,11396,11405,11412,11413,11418,11427,11428,11429,11446,11457,11462,11472,11473,11474,11479,11480,11482,11483,11484,11485,11486,11488,11490,11492,11493,11496,11497,11498,11499,11500,11502,11504,11505,11507,11509,11511,11512,11513,11515,11516,11521,11522,11526,11528,11529,11530,11531,11533,11538,11542,11543,11550,11551,11553,11555,11556,11561,11565,11566,11569,11570,11573,11576,11578,11581,11586,11587,11588,11590,11592,11606,11607,11608,11611,11613,11616,11621,11623,11627,11630,11635,11637,11638,11639,11642,11645,11646,11648,11649,11656,11657,11659,11661,11662,11666,11667,11680,11681,11684,11685,11688,11691,11694,11695,11697,11702,11725,11726,11829,11839,11847,11860,11863,11882,11885,11886,11887,11888,11889,11892,11893,11894,11895,11896,11897,11901,11902,11903,11904,11908,11909,11912,11913,11914,11916,11918,11919,11920,11921
11658,19199,19205,19207
11660,11696
11672,11673
11288,11674,11675
11682,11910
11683,11911
11770,11771,11773
11772,11774
11789,11792
11806,11807
11822,11823
9030,11830,11831,11850,11857,19217,20850
11832,11841
11840,11845,11848,11853
303,6908,7605,11849,11856,11864,19216
11936,12005
11937,12006
11938,12007
11939,12008
11940,12009
11941,12010
11942,12011
11943,12012
11944,12013
11945,12014
11946,12015
11947,12016
11948,12017
11949,12018
11950,12019
11951,12020
11952,12021
11953,12022
11954,12023
11955,12024
11956,12025
12075,19280
12085,12086
12139,19654
12188,12189
12196,12199
12205,12206
12251,12252
9301,12282,19301
12283,19302
12311,12334
12326,12327
12336,12337
12358,12359
12363,12364,12365
12380,12381
12403,12405
12409,12410
12411,12416
12420,39363
12488,13437
12543,12544
12736,12744
12741,12748
12781,12782
12843,12844
12848,12862
12864,12865,12866
12887,12888
12889,12890
12935,12954
12936,12955
12937,12956
12938,12957
12939,12958
12940,12959
12943,12990
12944,12991
12948,18385
12950,13036
13004,13033
13013,13034
13014,13037
13015,13046
13016,13041
13021,13073
13043,13074
13044,13075
13081,13496,14803
13101,13102
13122,13888
13124,13890
13125,13892
13126,13893
13127,13894
13135,13136
13145,13146
13165,13166
13167,13314
13168,13315
13185,13324
13218,13268
13169,13170,13189,13241,13242,13328
13251,17402
13357,34278
13763,13764
13776,15662
13885,16243
13896,37562
13938,13939
13951,13952
13998,13999
14033,14326
14034,14035
14042,14043
14051,15805
14072,14624
14191,14192
14219,14220
14267,14268
14285,14286
14303,14305
14311,14312
14357,14358
14367,14369,14371
14403,14404
14438,14439
14452,14456
14458,14459,14460
14454,14457,14461,14466
14462,14463,14464,14465,14467,14468,14469
14477,14478,14479
14509,14510
14586,16317
14587,16318
14618,14619,14620
14635,14656
14663,14664
14735,22168
14781,37704
14782,37703
14789,37693
14792,37699
14795,37701
14797,37570
14870,37567
14871,37565
14872,14874
14880,14881
14909,14910
14928,14936,37781
14931,37776
14932,37777
14935,37780
14970,15001
14971,15002
14972,15003
14973,15004
14974,15005
15052,15073
15084,15085
15136,15142
15137,15143
15199,15210
15217,15224
15257,15258,15259
15265,15658
15267,15268
15294,15308
15309,16174
15337,34250
15375,16099
15379,15380
15381,15457
15417,15418,15419
15427,15670
15463,15471
15489,15577
15490,15578
15491,15579
15492,15580
15505,15506
15542,15543
15549,47961
15550,15551
15552,15553
15637,15638
15683,15684
15685,15686
15701,15702
15703,15704,15705
15739,15744
15785,15787
15801,16220
15802,16221
15803,15804
15827,15828,15837,15838
15829,15830
15831,15832
15833,15834
15835,15836
15839,15843
15853,15854,15855,15856
15857,15858,15859
15865,15884
15882,15883
15933,15934
15971,15978
15972,15979
15983,15989
15984,15990
16002,16266
16003,16267
16004,16268
16015,16040
16023,16024,16027
16028,16029
16039,16342
16041,16332
16042,16333
16018,16043,16334
16019,16044,16335
16058,16059,16060,16070,16072,16073
16061,16071
16062,16063
16067,16068
16120,16121
16182,16184
16183,16185
16201,16205
16256,16257
16258,16259,16261,16262
16351,16352
16382,16383,16384,16385,16386,16387,16388
16396,16397
16401,16407
16404,16406
16409,16440
16413,16418
16423,16427,16428,16430
16432,16438
16433,16444
16449,16453
16459,16460,16463
16461,16462
16468,16469
16517,16518
16523,16909
16579,34200
16648,16649
16687,16913
16691,16917
16693,16919
16694,16920
16696,16922
16697,16923
16695,16698,16701,16704
16699,16925
16702,16928
16707,16933
16706,16708,16932,16934
16709,16935
16710,16936
16714,16717
16726,16728
16731,16742
16732,16733
16736,16741
16746,16749
16756,16846
16786,16980
16787,16788,16789
16791,16792
16810,16952
16813,16955
16824,16825
16829,16861
16830,16849
16855,16856
16863,16864
16883,16884
16891,16892
16895,16896
16899,16900
16904,16905
16962,16964
16986,16987
17032,17909
17042,17605,18045
17043,17606,18046
17044,17607,18047
17045,18048
17058,17604,17610,18064
17060,18066
17061,18067
17328,17331
17360,17361
17046,17414,17608,18049,18103,18652
17459,17461
17455,17458,17463,17464
17475,17476
17481,17482,17483,17484
17511,17574
17527,17529,17531
17576,17580
17581,17584,17588,17590
17059,17612,18065
17620,17649
17635,17694
17641,17642
17644,17705,20501
17647,17672
17655,17731
17656,17732
17657,17658
17663,17734
17666,17667,17668,17669,17670
17679,17682
17683,17684
17689,17690
17706,20502
17718,17947
17721,17722
17726,18612
17727,18613
17729,18615
17738,18151
17739,18152
17740,18153
17741,18154
17742,17743,18155,18156
17744,18157
17746,18159
17748,18161
17749,18162
17750,18163
12631,17751,18170
17752,18171
17755,18174
17756,18175
17765,17766,17767
17792,17793
17796,17797
17802,18147
17803,18148
17805,18150
17811,18218,18516
17812,18219
17818,17819,17820
17822,18283
17823,18284
17826,18340
17828,18342
17829,18343
17831,18305
17833,17834
17836,18310
17807,17842,18194,18441
17843,18442
17847,18446
17864,18246
17867,18247
17876,18274
17878,18254,20429,20595,21224
17884,18452
17902,17907
17915,18244
17924,17925,17926,17927
17958,18291
17959,18292
17963,17965
17968,19327
17969,20647
17983,17984
17988,17990
18002,18005
18008,18413
18009,18414
18013,18323
18025,39108
18030,18105
18032,18106
18033,18107
18034,18108
18035,18109
18050,33267
18082,18083
18087,18088
18089,18201
18090,18202
18093,18642
18097,18646
18110,18111
18129,18130
17745,17747,18158,18160,18164
18166,19405
18185,18186
18222,18522
18225,18226
18259,18260
18280,18281,18282
18306,18307,18308
18316,18317
18322,18325,18326
18358,18561,18627
18360,18563,18628
18361,18564,18629
18368,18369,18370,18371
12949,18386,20445,20607
18436,20265
17813,17838,17844,18220,18312,18443,18520,18546
18444,18521
18448,18449
18524,18557
18525,18558
18544,18545
18551,18555
18552,18556
18565,18630
18567,18568
18639,18640
18749,18750
18751,18753
18780,18782
18804,20819
18806,20824
2486,18808,18809
18817,18818,18819,18820,18821,18822
18828,18829
18877,20968
18893,18894
18895,18898
18902,22272,27853
18916,18917
18952,18953,18955,21082,21083
18961,18962,18963
18966,19032,19112,19119
18969,21506
18970,21507
18971,18985,19029,19095,19125
18974,18978,21478,21482
5575,5577,5578,5584,5591,10318,10319,10321,10322,18972,18973,18976,18977,21476,21477,21480,21481
18979,21483
18981,21485
18995,19009
18996,19008
18997,19010
18998,19005
18999,19000,19006,19007
18992,19001,19002,19003,19004
19020,19021
19024,19026
19030,19111,19118
19031,19120
19033,19115,19121,21389,21435,21441
19034,19035
19036,21392
19040,19041,19042,19043,19044,21396,21397,21398,21399,21400
19046,21402
19047,21403
19048,21404
19049,21405
19050,21406
19051,19126
19052,19127
19053,19128
19054,19129
19060,19062
19070,19072
19069,19071,19073
19085,19089,19092
19096,19097,19098
19099,21418
19105,19106,19107,19109,21422,21423,21424,21426
19108,21425
19117,21437
19122,21442
19123,21443
19135,21465
19136,21466
19137,21467
19138,21468
19139,21469
19140,21470
19056,19144,21412,21474
19157,19385
19174,19185,19200
19179,19194
19188,19192
6928,6943,6962,6996,7157,7177,11448,11449,11477,11503,11514,11523,11539,11554,11622,19170,19175,19180,19186,19195,19198,19201,19206,19208,19209,19210,19211,19212,19213,19214
19218,19219
19238,19967
19248,19968
19250,19251
19292,19294
19305,19314
19331,19333
19358,20176
19387,19389
19398,19929
19413,19937
19415,19939
19416,19940
19417,19941
19419,19943
19420,19944
19421,19945
19422,19946
19423,19947
19424,19949
19425,19950
19426,19951
19428,19953
19433,19958
19434,19959
19435,19960
19439,19962
19464,20076
19477,20058
19478,20056
19481,20060
19484,20063
19485,20064
19493,20246
19499,20272,20283
19511,20105
19513,20297
19520,20072
19540,20108
19541,20107
19543,20110
19554,20351
19555,20352
19596,20090
19601,20095
19606,20098
19623,20119
19645,20123
19656,19657
19693,19694,19695
19707,39056
19784,20206
19820,19822
19843,19844
19872,19925
19873,19926
19874,19927
19922,19923,19924
19932,19935
20356,20357,20358,20359,20360,20361,20362
20368,20369
20397,20649
20400,20653
20401,20654
20404,20657
20405,20659
20406,20660
20409,20663
20416,20417
20426,20676
20428,20594
20430,20596
20432,20598
20433,20599
20468,20470
20490,20491
20496,20497
20523,20524,20531
20529,20530
20538,20539
20551,20552
20560,20561
20571,20572
20601,20602,20603
20650,20651
20672,20673
20781,20782
20822,20823
21023,21025
21045,21050
21046,21051
21047,21052
21048,21049,21053,21054
21056,21057
21064,21065
21075,21212
21076,21077
21099,21384
21100,21364,21383
21111,21112
21113,21114
21119,21120,21121
21139,21141,21143
21146,21147,21148
21150,21152
21187,21191
21215,21216
21248,21249
21279,21281
21287,21288
21294,21295
21303,21304
21310,21312
21320,21321
21334,21335
21341,21343
21376,21377
21373,21379,21380,21381
21387,21440
21390,21391
21407,21456
21408,21457
21409,21458
21410,21459
19055,19116,19143,21411,21436,21473
21385,21414,21445,21455
21415,21416,21417
21386,21432,21438
21388,21433,21439,21503
21498,21499
21520,21522
21521,21523
21526,21527,21528
21542,21543
21573,25143
21610,21624
21696,21697
21699,21700
21708,21711
21722,21723
21733,21734
21735,21736
21738,21744,21745
21739,21740,21741
21742,21743
21746,21747
21803,21805
21860,21861
21882,21883,21884
21886,21965
21887,21966
21916,21931
21927,21952
21939,21940
21941,21942
21944,21949
22077,22078
22106,22107
22117,22238
22118,22239
22180,27325
22182,22186
22199,22200
22249,22421
22250,22422
22273,27854
22283,22504
22332,22564
22334,22565
22335,22566
22370,22371
22390,22392
22396,32412
22398,27618
22399,27620
22445,22547
22446,22548
22285,22286,22456,22505,22519,22520
22562,28116
22645,22646
22663,22664
22689,23434
22691,22692
22792,22795,22796
22809,22811
22860,33814
22913,23693
22936,22945
22970,23000
22978,22979
23009,23011
23087,23088
23106,23107,23108
23152,34327
23308,23309
23310,23311
23413,23414
23456,23457
23469,23470
23471,23472
23483,23484
23489,23491
23556,23557
23578,23579
23597,23602
23747,23748,23749,23750,23751
23763,28951
23779,23782
23784,23787
23892,23895
23902,23903
23904,23905,23906
23920,23922
23926,23930
23929,23941
23931,23932
23934,23935
23942,23943,23944
23971,33309
23978,33282
23993,23994,23995
24010,24014
24026,24027
24028,24029
24039,24040
24105,24106
24112,24179
24120,24174
24121,24175
24154,24155
24181,24204
24182,24183,24205,24206
24185,24207
24193,38066
24198,38517
24199,39972
24215,24216
24219,24226
24242,26164
24260,24268
24288,24289,24290
24300,24301
24325,24326
24343,25485
24388,24389
24432,24433
24470,34907
24571,24572,24573
24590,24591
24670,35246
24735,24763
24748,24749
24753,24754
24759,24760
24766,24767
24832,27609
24845,24846
24888,25092
25045,25046
25071,25072
25109,25110
25126,25127
25144,25264
25234,25235
25240,25244
25251,25252
25315,25316
25553,26080
25870,25898
25871,25901
25886,25888
25910,25912
25911,25913
25916,25917
25928,25929
26028,26032
26056,26081,26103
26088,26089,26090
26111,26113
26112,26114
26189,26190
26232,26322
26364,34325
26378,26382
26390,26505
26392,26507
26537,26572
26588,26597
26591,26592
26657,41175,43078
26658,41176,43079
26664,41185,43088
26842,27019
26843,27020
26938,27128
27011,27012
27134,27136
27159,27162
27240,27241
27274,27275
27277,27388
27298,27299
27329,27330
27433,27434
27475,27476
27567,27573
27605,27606
27627,36872
27643,27645
27665,27666
27668,27669
27679,27680
27703,27708,27806
27716,27717
27726,27771
27731,27735
27732,27736
27734,27765
27737,27740
27738,27763
27739,27764
27712,27741,27766
27754,27755
27784,27787
27791,27792
27816,27817
27822,27823
27826,27827
27847,27849
27848,27850
27869,27870
27877,27879
27881,27885
27883,27887
27968,37551
27973,27974
27999,28000
28004,28005
28023,28027
28028,28030
28099,28100
28119,28120
28171,28172
28170,28173,28183
28174,28176
28177,28178
28193,28194
28215,28216
28236,28237
28246,28247
28249,28250
28264,28265
28290,28292
28342,28343
28422,33087
28441,28443
28470,29054
28524,28525
28544,28566
28546,28568
28547,28569
28548,28570
28550,28572
28589,28590
28599,28600
28603,28604
28607,28609
28632,28681,33343
28633,28682
28688,28689
28786,37237
28816,28817
28902,28909
28147,28520,28654,28905,29035,33150
28915,28916
28955,28961
28958,28960
28956,28962,28963
28987,32575
29030,38671,39071
29064,29065
29112,33124
29132,29133
29166,29167
29169,29170
29179,30090
29236,29250
29244,29263
29248,29265,29282
29252,29272
29264,29281
29285,29286
29288,29289
29376,29576
29399,29402
29403,29406
29429,29605
29465,29489
29466,29471
29472,29476
29481,29487
29502,29503
29513,29514
29530,29531
29532,29538,29539
29534,29535,29536
29540,29541
29556,31921
29608,29611
29655,31639
29677,29679
29725,29726
29730,29731
29742,30061
29750,29788,29894,29931
29774,29778
29776,29779
29797,29860,29896
29817,32571
29838,29868
29864,29865
29905,29909
29907,29911
29908,29912
29917,29918
29919,29920
29933,30049
29950,29952
29957,29958
29982,29984
29991,29993
30026,30027
30099,30100,30102
30105,31054
30108,30109
30111,30112
30149,30150
30206,30301
30226,30227
30296,30297
30310,30311
30356,30357
30398,30402,30405,30407,30408
30399,30401
30417,30419
30423,30425
30493,30494
30521,30522
30528,30529
30538,30542
30539,30540
30543,30544
30545,30546,30552
30547,30553
30652,30657
30672,31128,31129
29747,30682,32715
30689,30692
30690,30691
30693,30695,30696
30772,30773
30790,30791
30803,30807
30821,30822
30826,30827
30853,37707
30866,33386
30868,30872
30871,30874
30899,30900,30901
30910,30911
30913,30914
30916,30917
30962,30963
30990,30992
30998,31003
31022,31101
31028,31029
31085,31089
31116,31117
31124,31126
31137,31138
31162,31163,31164
31165,31166,31167
31224,31225
31229,31230
31252,31638,31709
31255,31256
31398,31400
31404,31470,31472
31405,31406
31412,31413,31414
31417,31418
31446,31471
31483,31507
31485,31509
31486,31510
31547,31549
31550,31551
31566,31567
31568,31569
31596,31600
31597,31598
31660,31673
31758,31760
31795,31796
31842,31843
31889,31963
31904,31905
31909,31938
31910,31911
31919,32364
31920,32365
31923,31927
31940,31941
31942,31981
31944,31984
31949,31950
31965,31966
31972,31998
32012,32014,32015
32030,32031
32055,32058
32065,32066
32088,32129,32156
32128,32155
32148,33352,39284
32220,32221
32231,32233
32282,32283
32284,32287
32285,32286
32301,32302
32427,32428
32429,32430
32452,32453
32456,32457
32460,32461
32474,32475
32558,32559
32588,32589
32667,32669
32694,32858
32738,32739
32742,32743
32747,32749
32777,32778
32794,32795,32796
32812,33013
32813,33014
32841,32842
32875,32876,32877,32878,32879,32882
32885,38889
32890,32895,32898
32892,32893,32894
32896,32897
32899,32915
32900,32901,32916,32917
32902,32918,32934
32903,32904,32905
32908,32909
32912,32913
32920,32921
32924,32925
32926,32930
32928,32929
32932,32933
32961,32962,32963
32964,32965
32992,32993,32994,32995
33005,33006
33008,33010
33097,33098
33110,33111
33126,33127,33128
33141,33142
33158,33203
33172,33173
33194,33195,33198,33199,33200,33201
33207,33209
33250,39033
33375,33377
33387,33388
33397,33505
33423,33434
33460,35395
33500,33501,33502
33565,33570
33573,33574
33575,33576
33580,33650
33584,33639
33589,33652
33641,33644
33683,33684,33685,33687
33688,33689
33701,33703
33715,33716
33794,33795
14838,33818,35753
33820,33839
33837,33997
33851,33940
33852,33911,33942
33853,33943
33854,33944
33857,33858
33884,33931
33917,33980
33918,33981
33850,33883,33910,33920,33930,33939,33977
33921,33978
33932,33941
33975,33976
34006,34007
34008,34009
34037,34038
34253,34254
34262,34263
34276,34281
34292,34605
34294,34608
34394,34435
34424,34579
34426,34568
34427,34569
34461,34503
34462,34463
34471,34512
34472,34485
34477,34516
34479,34519
34484,34522
34499,34501
34641,34642
34668,34669,34670
34704,34911
34717,34718
34788,34789
34790,34793
34798,34816,34817
34801,34802
34809,34810,34811
34819,34820
34923,34924
34939,34940
34992,40982,42886
35029,35569,35572
35041,35042
35072,35073
35169,35170
35171,35172
35187,35341
35222,35517
35259,39559,39784
35284,35285
35326,35327
35363,35364
35399,35401
35410,35447
35437,35438
35465,35502
35488,35489
35573,35574
35757,35763
35834,35835
35852,35853
35860,35955
35861,35956
35862,35957
35863,35958
35864,35959
35865,35960
35866,35961
35867,35962
35910,35911
36124,36126
36125,36127,36139,36141
36138,36140
36157,36170
36163,36164
36175,36177,36182
36180,36181
36187,36188
36189,38631
36190,38632
36191,38633
36205,36206
36208,36209
36215,36216
36233,36236
36244,36246
36242,36249,36259
36264,36265
36281,36282
36308,36309
36326,36334
36330,36331
36376,36378
36428,36429
36447,36448
36451,36452
36457,36458
36460,36461
36463,36464
36505,36536
36510,36527
36506,36512,36531,36543,36573
36523,36524,36562,36563
36529,36567
36530,36572
36534,36535
36544,36550
36556,36558
36557,36561
36525,36526,36564,36565
36614,36622
36632,36633
36634,36636
36658,36673
36659,36674
36665,36666
36703,36704
36712,36748
36852,36853
36862,36863
36881,36962
36888,36890
36922,36923
36935,36960
36936,36938
36942,36943
36944,36946,36947,36948
36949,36951,36952
36954,36957
36977,36988
36984,36985
36992,37003
37016,37017
37024,37026,37027,37028
37030,37031
37105,37652
37114,37117
37118,37122
37119,37121
37120,37123
37133,37136
37161,37162,37163,37164,37165,37166
37167,37168,37169
37170,37171
37172,37173,37174,37175
37190,37191
37200,37201
37239,37240
37252,37543,37573
37276,37291
37294,37295
37367,37530
37380,37430
37384,37446
37393,37394
37401,37462
37402,37466
37406,37468
37421,37426
37422,37427
37386,37391,37455,37495
37457,37458
37488,37489,37490
37491,37492,37493
37545,37578
37546,37579
36847,36848,37547,37548,37577,37580,37581
37574,37609
37661,37664
37665,37669
37666,37668
37667,37670
37681,37684
37722,37723
37739,37740
37803,37804
37852,37853
37854,37855
37863,37864
37872,37873
37874,37875
37877,37878
37887,39054
37936,37937
37953,37954,37962
37955,37956,37957,37958,37959,37960,37961,37963,37964,37965
37969,37970
37983,37984
38133,38134,38135,38136
38175,38176
38179,38180
38182,38184
38183,38185
38192,38193
38256,38257
38262,38263
38273,38274
38279,38283
38285,38286
38287,38289,38290,38291,38292,38293,38295,38296,38297,38298
38299,38301,38302
38328,38329
38331,38332
38348,38349,38350,38351,38352
38390,38394,38730
38405,38619
38484,38485,38486
38487,38488
38489,38490
38528,38529
38556,38563
38558,38562
38568,38569
38620,38621
38622,38623
38637,38638
38652,38653
38664,38665
38674,38675
38676,38677,38679
38683,38684,38685,38686
38688,38690
38735,38736
38752,38755
38819,38820
38836,38843
38960,38961
38962,38963
38976,38982
38987,38988
38995,38996
39021,39022
39095,39098,39228
39123,39124
39126,39127
39135,39136
39139,39140
39145,39146
39160,39161
39189,39190
39223,39224
39261,39274,39306
39280,39303
39292,39294
39304,39305
39332,39350
39402,39406
39407,39408
39412,39414
39423,39424
39440,39443,39445
39439,39442,39444,39446
39481,39482
39488,39500
39510,39512,39514,39516
39511,39513,39515,39517
39529,39531
39649,39650
39666,39667,39668
39716,39717
39724,39725
39736,39737
39841,39853
39872,39902
39874,39875
39876,39881
39877,39878,39879,39880,39882,39883
39904,39905
39912,39914
39935,39945
39938,39939
39953,39960
39952,39954,39956,39957,39959
39968,39969
39982,42009
39983,42010
39984,42011
39985,42012
39986,42013
39987,42014
39988,39989,42015,42016
39990,42017
39991,42018
39992,42019
39993,42020
39994,42021
39995,42022
39996,42023
39997,42024
39998,42025
39999,42026
40000,42027
40001,42028
40002,42029
40003,42030
40004,42031
40005,42032
40006,42033
40007,42034
40008,42035
40009,42036
40010,42037
40011,42038
40012,42039
40013,42040
40014,42041
40015,42042
40016,42043
40017,42044
40018,42045
40019,42046
40020,42047
40021,42048
40022,42049
40023,42050
40024,42051
40025,42052
40026,42053
40027,42054
40028,42055
40029,42056
40030,42057
40031,42058
40032,42059
40033,42060
40034,42061
40035,42062
40036,42063
40037,42064
40038,42065
40039,42066
40040,42067
40042,42068
40043,42069
40044,42070
40045,42071
40046,42072
40047,42073
40048,40049,42074,42075
40050,42076
40051,42077
40052,42078
40053,42079
40054,42080
40055,42081
40056,40057,42082,42083
40058,42084
40060,42086
40061,42087
40062,42088
40059,40063,42085,42089
40064,42090
40065,42091
40066,42092
40067,42093
40068,42094
40069,42095
40070,42096
40071,42097
40072,42098
40073,42099
40074,40458,40525,42100,42450,42517
40075,42101
40076,42102
40078,40080,42104,42106
40079,42105
40081,42107
40082,42108
40083,42109
40084,42110
40085,42111
40086,42112
40087,42113
40088,42114
40089,42115
40090,42116
40091,42117
40092,42118
40093,42119
40094,42120
40095,42121
40096,42122
40097,42123
40098,42124
40099,42125
40100,42126
40101,42127
40103,42128
40104,42129
40105,42130
40106,42131
40107,42132
40108,42133
40109,42134
40110,42135
40111,42136
40112,42137
40113,42138
40114,42139
40115,42140
40116,42141
40117,42142
40118,42143
40119,42144
40120,42145
40121,42146
40122,42147
40123,42148
40124,42149
40125,42150
40126,42151
40127,42152
40128,42153
40129,42154
40130,42155
40131,42156
40133,42159
40134,42160
40135,42161
40136,42162
40137,42163
40138,42164
40139,42165
40140,42166
40141,42167
40142,42168
40143,42169
40144,42170
40147,42173
40150,42176
40151,42177
40152,42178
40153,42179
40154,42180
40155,42181
40156,42182
40157,42183
40158,42184
40161,40162
40163,42185
40164,42186
40165,42187
40166,42188
40167,42189
40168,42190
40169,42191
40170,42192
40171,40370,42193,42365
40172,42194
40173,42195
40174,42196
40175,42197
40176,42198
40177,42199
40178,42200
40179,42201
40180,40181,42202,42203
40182,42204
40183,42205
40184,42206
40186,42207
40187,42208
40188,42209
40194,40197,42210,42213
40195,42211
40196,42212
40198,42214
40199,42215
40200,42216
40201,42217
40202,42218
40203,42219
40204,42220
40205,42221
40206,42222
40207,42223
40208,40235,42224,42235
40209,42225
40210,42226
40211,42227
40212,42228
40213,42229
40214,42230
40217,40226
40229,42231
40230,42232
40231,42233
40232,42234
40233,40234
40236,42236
40237,42237
40238,40239,42238,42239
40240,42240
40241,42241
40242,42242
40243,42243
40244,42244
40245,42245
40246,42246
40247,42247
40248,42248
40249,42249
40250,42250
40251,42251
40252,42252
40253,42253
40254,42254
40255,42255
40256,40405,40635,42256,42397,42619
40257,42257
40258,42258
40260,42260
40261,42261
40262,42262
40263,42263
40264,42264
40265,42265
40266,42266
40267,42267
40268,42268
40269,42269
40270,42270
40271,42271
40272,42272
40273,40288,42283
40274,40275,40276,42273
40277,42274
40278,40279,42275,42276
40280,42277
40284,42280
40285,42281
40287,42282
40289,42284
40290,42285
40282,40291,42278,42286
40283,40292,42279,42287
40293,42288
40294,42289
40295,42290
40296,42291
40297,42292
40298,40481,42293,42473
40300,42295
40301,42296
40302,42297
40303,42298
40304,42299
40305,42300
40306,42301
40307,42302
40308,42303
40309,42304
40310,42305
40311,42306
40313,40455,42308,42447
40315,42310
40316,42311
40317,42312
40318,42313
40319,42314
40320,42315
40321,42316
40322,42317
40323,42318
40324,42319
40326,40376,42321,42371
40329,40366,42324,42361
40331,42326
40332,42327
40333,42328
40148,40334,40429,40535,42174,42329,42421,42527
40337,42332
40338,42333
40339,42334
40340,42335
40341,42336
40342,42337
40343,42338
40344,42339
40345,42340
40346,42341
40347,42342
40348,40352,42343,42347
40350,42345
40351,42346
40349,40353,42344,42348
40354,42349
40355,42350
40356,42351
40357,42352
40358,42353
40359,42354
40360,42355
40361,42356
40362,42357
40363,42358
40364,42359
40365,42360
40330,40367,42325,42362
40368,42363
40369,42364
40371,42366
40372,42367
40325,40373,42320,42368
40374,42369
40375,42370
40377,42372
40378,42373
40379,42374
40380,42375
40381,42376
40382,42377
40383,42378
40384,42379
40385,42380
40386,42381
40387,42382
40388,42383
40389,42384
40390,42385
40391,42386
40392,42387
40393,40579,42388,42569
40394,42389
40395,42390
40396,42391
40397,40513,42392,42505
40398,42393
40399,42394
40400,42395
40401,42396
40402,40403
40406,42398
40335,40407,40408,40409,40411,40430,40432,40536,42330,42399,42400,42401,42403,42422,42424,42528
40410,42402
40412,42404
40413,42405
40414,42406
40415,42407
40416,42408
40417,42409
40418,42410
40419,42411
40420,42412
40421,42413
40422,42414
40423,42415
40424,42416
40425,42417
40426,40427,42418,42419
40428,42420
40336,40431,42331,42423
40433,42425
40434,42426
40435,42427
40436,42428
40437,42429
40438,42430
40439,42431
40440,42432
40441,42433
40442,42434
40443,40444,42435,42436
40445,42437
40446,42438
40447,40448,42439,42440
40449,42441
40450,42442
40451,42443
40452,42444
40312,40314,40453,40454,42307,42309,42445,42446
40457,40524,42449,42516
40459,42451
40461,40534,42453,42526
40463,42455
40464,42456
40465,42457
40466,42458
40467,42459
40468,42460
40469,42461
40470,42462
40471,42463
40472,42464
40473,42465
40474,42466
40475,42467
40476,42468
40477,42469
40478,42470
40479,42471
40480,42472
40299,40482,42294,42474
40483,42475
40485,40486,42477,42478
40484,40487,42476,42479
40489,42481
40490,40491,40493,42482,42483,42485
40492,42484
40494,42486
40488,40495,42480,42487
40328,40497,40523,40695,42323,42489,42515,42676
40498,42490
40499,42491
40500,42492
40501,42493
40502,42494
40503,42495
40456,40504,42448,42496
40505,42497
40506,42498
40507,42499
40508,42500
40509,42501
40510,42502
40511,42503
40259,40512,42259,42504
40514,42506
40515,42507
40516,42508
40517,42509
40518,42510
40519,42511
40520,42512
40521,42513
40327,40496,40522,40694,42322,42488,42514,42675
40526,42518
40527,42519
40528,42520
40529,42521
40530,42522
40531,42523
40462,40532,42454,42524
40460,40533,42452,42525
40537,42529
40538,42530
40539,42531
40540,42532
40541,42533
40542,42534
40543,42535
40544,42536
40545,42537
40546,42538
40547,40548,42539,42540
40549,42541
40550,42542
40551,40552,40553,40554,42543,42544,42545,42546
40555,42547
40556,42548
40557,42549
40560,42551
40561,42552
40559,40562,40563,40564,40565,40566,40567,42550,42553,42554,42555,42556,42557
40568,42558
40569,42559
40570,42560
40571,42561
40572,42562
40573,42563
40574,42564
40575,42565
40576,42566
40577,42567
40578,42568
40581,42571
40582,42572
40583,42573
40584,42574
40585,42575
40586,42576
40587,42577
40588,40589,42578,42579
40590,42580
40591,42581
40592,42582
40593,42583
40594,42584
40595,42585
40596,42586
40597,42587
40598,42588
40599,42589
40600,42590
40601,42591
40602,42592
40603,42593
40605,42594
40606,42595
40607,42596
40608,42597
40609,42598
40610,42599
40611,42600
40612,42601
40613,42602
40614,42603
40615,42604
40616,40617,42605
40618,40619,40620,42606
40621,42607
40622,42608
40623,42609
40624,42610
40626,42611
40627,42612
40628,42613
40630,42614
40631,42615
40632,42616
40633,42617
40634,42618
40636,42620
40637,42621
40638,42622
40639,42623
40640,42624
40641,42625
40642,42626
40643,42627
40644,42628
40645,42629
40646,42630
40647,42631
40648,42632
40649,42633
40650,42634
40651,42635
40652,42636
40653,42637
40654,42638
40655,42639
40656,42640
40657,42641
40658,42642
40659,42643
40660,42644
40661,42645
40662,42646
40663,42647
40664,42648
40665,42649
40666,42650
40667,42651
40668,42652
40669,42653
40670,42654
40671,42655
40672,42656
40673,42657
40674,42658
40675,42659
40676,42660
40677,42661
40678,42662
40679,42663
40680,42664
40681,42665
40682,42666
40683,42667
40684,42668
40685,42669
40686,42670
40688,42672
40687,40689,42671,42673
40690,42674
40149,40580,40696,42175,42570,42677
40719,40720,41347,41348,43246,43247
40721,40722,41349,41350,43248,43249
40737,41556,43437
40738,41577
40739,40740
40751,40752
40768,40769
40774,42678
40775,42679
40776,41951,42680,43828
40777,42681
40778,42682
40780,42684
40781,42685
40782,42686
40783,42687
40784,42688
40785,42689
40786,42690
40787,42691
40788,42692
40789,42693
40790,42694
40791,42695
40792,42696
40793,42697
40794,42698
40795,42699
40799,41998,42703,43875
40800,42704
40801,42705
40802,40803,42706,42707
40804,42708
40805,42709
40806,42710
40807,42711
40809,42712
40810,42713
40811,42714
40812,42715
40813,42716
40814,42717
40815,42718
40816,40817,42719,42720
40818,42721
40819,42722
40820,42723
40821,42724
40822,42725
40823,42726
40824,42727
40825,42728
40827,42730
40831,42734
40828,40832,42731,42735
40829,40833,42732,42736
40830,40834,42733,42737
40835,42738
40836,42739
40837,42740
40839,42742
40708,40841,42743
40843,42745
40844,42746
40845,42747
40846,42748
40847,42749
40848,42750
40849,40896,40945
40851,42752
40853,42754
40855,42756
40856,42757
40857,40879,40884,40906,40916,40925,40941,42758,42780,42785,42806,42816,42829,42846
40858,42759
40862,42763
40864,40913,42765,42813
40865,42766
40866,42767
40854,40863,40869,40902,40912,40937,42755,42764,42770,42802,42812,42825,42842
40852,40859,40871,40881,40898,40908,40918,40933,42753,42760,42772,42782,42798,42808,42818,42838
40860,40867,40872,40909,40919,42761,42768,42773,42809,42819
40874,42775
40875,42776
40876,42777
40877,42778
40878,42779
40882,42783
40883,42784
40880,40885,40907,40917,40942,42781,42786,42807,42817,42830,42847
40886,42787
40887,42788
40888,42789
40889,42790
40870,40890,42771,42791
40891,42792
40893,42794
40894,42795
40895,42796
40899,40934,42799,42839
40901,42801
40903,42803
40904,42804
40905,42805
40911,42811
40914,42814
40915,42815
40861,40868,40873,40910,40920,42762,42769,42774,42810,42820
40921,42821
40922,42822
40923,42823
40924,42826
40926,42831
40927,42832
40928,42833
40929,40949,42834,42852
40930,42835
40932,42837
40936,42841
40938,42843
40939,42844
40940,42845
40943,41749
40944,42848
40723,40850,40897,40946,41363,42751,42797,42849,43266
40947,42850
40948,42851
40950,42853
40892,40931,40951,42793,42836,42854
40952,42855
40953,42856
40954,42857
40955,42858
40956,42859
40957,42860
40958,42861
40959,42862
40960,42863
40961,42864
40962,42866
40963,42867
40964,42868
40965,42869
40966,42870
40967,42871
40968,42872
40969,42873
40970,42874
40971,42875
40972,42876
40973,42877
40974,42878
40975,42879
40976,42880
40977,42881
40978,42882
40979,42883
40980,42884
40981,42885
40983,42887
40984,42888
40985,42889
40986,42890
40987,42891
40988,42892
40989,42893
40990,42894
40991,42895
40992,41022,42896,42929
40993,42897
40994,42898
40995,42899
40996,42900
40997,42901
40998,40999,42902,42903
41000,42904
41001,42905
41002,42906
41003,42907
41004,42908
41005,42909
41006,42910
41007,42911
41008,42912
41009,42913
41010,42914
41011,42915
41012,42916
41013,42917
41014,42918
41015,42919
41016,42920
41017,42921
41019,42926
41020,42927
41021,42928
41023,42930
41024,42931
41025,42932
41026,42933
41027,42934
41033,41034
41040,42935
41041,41042,42936,42937
41043,42938
41044,42939
41045,42940
41046,42941
41047,42942
41048,42943
41049,42944
41050,42945
41051,42946
41052,42947
41053,42948
41054,42949
41055,42950
41056,42951
41057,42952
41058,42953
41059,42954
41060,42955
41061,42956
41062,42957
41063,42958
41064,42959
41065,42960
41066,42961
41067,42962
41068,42963
41069,42964
41070,42965
41071,42966
41072,42967
41073,42968
41074,42969
41075,42970
41076,42971
41077,42972
41078,42973
41079,42974
41080,42975
41081,42976
41082,42977
41083,42978
41084,42979
41085,42980
41086,42981
41087,42982
41088,42984
41089,42985
41090,42988
41091,42989
41092,42990
41093,42991
41094,42992
41096,41098,42994,42996
41095,41097,42993,42995
41099,42997
41100,42998
41101,42999
41102,43000
41103,43001
41104,43002
41105,43003
41106,43004
41107,43005
41108,43006
41109,43007
41110,43008
41111,43009
41112,43010
41113,43011
41114,43012
41115,43013
41116,43014
41117,43015
41118,43016
41120,43018
41121,41122
41123,43021
41126,43029
41127,43030
41128,43031
41129,43032
41130,43033
41131,43034
41132,43035
41133,43036
41134,43037
41135,43038
41136,43039
41137,43040
41138,41139,43041,43042
41140,43043
41141,43044
41142,43045
41143,43046
41144,43047
41145,43048
41146,43049
41147,43050
41148,43051
41149,43052
41150,43053
41151,43054
41152,43055
41153,43056
41154,43057
41155,43058
41156,43059
41157,43060
41158,43061
41159,43062
41160,43063
41161,43064
41162,43065
41163,43066
41164,43067
41165,43068
41166,43069
41167,43070
41168,43071
41169,43072
41170,43073
41171,43074
41172,43075
41173,43076
41174,43077
41177,43080
26659,41178,43081
41179,43082
41180,43083
41181,43084
41182,43085
26663,41183,43086
41184,43087
41186,43089
41187,43090
41188,41189,43091,43092
41190,43093
41191,43094
41192,43095
41193,43096
41194,43097
41195,43098
41196,43099
41197,43100
41198,43101
41199,43102
41200,43103
41201,43104
41202,43105
41203,43106
41204,43107
41205,43108
41206,41207,43109,43110
41208,43111
41209,43112
41210,43113
41211,43114
41212,43115
41213,43116
41214,43117
41215,43118
41216,43119
41217,43120
41218,43121
41220,43123
41221,43124
41222,43125
41223,43126
41224,43127
41225,43128
41226,43129
41227,43130
41228,43131
41229,43132
41230,43133
41232,43134
41233,43135
41235,43137
41236,43138
41237,43139
41238,43140
41239,43141
41240,43142
41241,43143
41242,43144
41243,43145
41244,43146
41245,43147
41246,43148
41247,43149
41248,43150
41249,43151
41250,43152
41251,41256,43153,43158
41252,43154
41253,43155
41254,43156
41255,43157
41257,43159
41258,43160
41259,43161
41260,43162
41261,43163
41262,43164
41263,43165
41264,43166
41265,43167
41266,43168
41267,43169
41268,43170
41269,43171
41270,43172
41271,43173
41272,43174
41273,43175
41274,43176
41275,43177
41276,43178
41277,43179
41278,43180
41279,43181
41280,43182
41281,43183
41282,43184
41283,43185
41284,43186
41285,43187
41286,43188
41287,43189
41288,43190
41289,43191
41290,43192
41291,43193
41292,43194
41293,43195
41294,43196
41295,41296,43197,43198
41297,43199
41298,43200
41299,43201
41300,43202
41301,43203
41302,43204
41303,43205
41304,43206
41305,43207
41306,43208
41307,43209
41308,43210
41309,43211
41310,43212
41311,43213
41312,43214
41313,43215
41314,43216
41315,43217
41318,43221
41328,41554
41330,43231
41331,43232
41332,43233
41333,41751
41334,41752
41338,41468,43237,43357
41339,41756,43238,43619
41340,43239
41341,43240
41342,43241
41343,43242
41344,43243
41345,43244
41346,43245
41351,43252
41352,43253
41355,43258
41356,43259
41357,43260
41358,43261
41359,43262
41360,43263
41361,43264
41362,43265
41364,41365
41368,43269
41369,43270
41371,43272
41372,43273
41373,41588,43274,43468
41374,43275
41375,43276
41376,43277
41377,43278
41379,43285
41380,43286
41381,43287
41382,43288
41383,43289
41384,43290
41385,43291
41386,43292
41387,43293
41388,43294
41389,43295
41390,43296
41391,43297
41392,43298
41393,43301
41394,43302
41395,43303
41396,43304
41397,43305
41398,43306
41399,43307
41400,43308
41401,43309
41402,43310
41403,43311
41404,43312
41405,43313
41406,43314
41407,43315
41408,41409,43316,43317
41410,43318
41411,43319
41412,43320
41413,43321
41414,43322
41415,43323
41416,41417,43324,43325
41418,43326
40838,41419,42741,43327
41420,43328
41421,43329
41423,43331
41424,43332
41425,43333
41426,43334
41427,43335
41428,43336
41432,43338
41435,43340
41436,43341
41437,43342
41438,43343
41439,43344
41440,43345
41441,43346
41442,43347
41443,43348
41445,41446,43349,43350
41449,41450
41454,41455,41456
41458,43351
41459,43352
41460,43353
41463,43268
41464,43354
41466,43355
41467,43356
41469,43358
41470,43359
40730,40731,41471,41472,43360,43361
41473,43362
41474,43363
41475,43364
41476,43365
41477,43366
41478,43367
41479,43368
41480,43369
41481,43370
41482,43371
41483,43372
41484,43373
41485,43374
41486,43375
41487,43376
41488,43377
41489,43378
41490,43379
41491,43380
41492,43381
41493,43382
41494,43383
41495,43384
41496,43385
41497,43386
41498,43387
41499,43388
41500,43389
41501,43390
41502,43391
41503,43392
41506,43393
41507,43394
41508,43395
41509,43396
41510,43397
41511,43398
41512,43399
41513,43400
41514,43401
41515,43402
41516,43403
41517,43404
41518,43405
41519,43406
41520,41521,43407,43408
41522,43409
41523,43410
41524,43411
41525,43412
41528,41531
41535,43415
41536,43416
41538,43642
41542,43421
41543,43422
41544,43423
41545,43424
41547,43425
41549,43426
41557,43438
41558,43439
41559,43440
41560,43441
41561,43442
41562,43443
41563,43444
41564,43445
41565,43446
41566,43447
41567,43448
41568,43449
41569,41570,43450,43451
41571,43452
41572,43453
41573,43454
41574,43455
41575,43456
41576,43457
41578,43458
41579,43459
41580,43460
41584,43464
41370,41585,43271,43465
41586,43466
41587,43467
41589,43469
41594,43471
41595,43472
41596,43473
41597,43474
41598,43475
41599,43476
41603,43477
41605,43479
41604,41606,41607,43478,43480,43481
41608,43482
41609,43483
41611,43484
41612,43485
41613,43486
41614,43487
41615,43488
41616,43489
41617,43490
41618,43491
41619,43492
41620,43493
41621,43494
41622,43495
41623,43496
41624,43497
41625,43498
41626,43499
41627,43500
41628,43501
41629,43502
41630,43503
41641,43511
41642,43512
41644,43513
41645,43514
41647,43517
41648,43518
41649,43519
41650,43520
41651,43521
41652,43522
41653,43523
41654,43524
41655,43525
41656,43526
41657,43527
41658,43528
41659,43529
41660,43530
41662,43531
41663,43532
41664,43533
41665,43534
41666,43535
41667,43536
41668,43537
41669,43538
41670,43539
41671,43540
41672,43541
41673,43542
41674,43543
41675,43544
41676,43545
41678,43546
41679,43547
41680,43548
41681,43549
41682,43550
41683,43551
41684,43552
41685,43553
41686,43554
41687,43555
41688,43556
41689,43557
41690,43558
41691,43559
41692,43560
41693,43561
41694,43562
41695,43563
41696,43564
41697,43565
41698,43566
41699,43567
41701,43568
41703,43570
41704,43571
41705,43577
41706,43578
41714,43581
41715,43582
41716,43583
41717,43584
41718,43585
41719,43586
41720,43587
41721,43588
41722,43589
41723,43590
41724,43591
41726,43592
41728,43594
41729,43595
41730,43596
41731,43597
41732,43598
41733,43599
41734,43600
41735,43601
41736,43602
41737,43603
41738,43604
41739,43605
41740,43606
41741,41742,43607,43608
41743,43609
41744,43610
41745,43611
41746,43612
41747,43613
41748,43614
41750,43615
41757,43620
41758,43621
41759,43622
41760,43623
41761,43624
41762,43625
41763,43626
41764,43627
41765,43628
41766,43629
41770,43633
41771,41772,41773,43634,43635,43636
41774,43637
41775,43638
41776,43639
41777,43640
41780,43644
41781,43645
41782,43646
41783,43647
41784,43648
41788,43658
41789,43659
41790,43660
41791,43661
41792,43662
41793,43663
41794,43664
41795,43665
41796,43666
41797,43667
41798,43668
41799,43669
41800,43670
41801,43671
41802,43672
41803,43673
41805,43674
41806,43675
41807,43676
41809,43678
41810,43679
41811,43680
41812,43681
41813,43682
41814,43683
41815,43684
41816,43685
41817,43686
41818,43687
41819,43688
41820,43689
41821,43690
41822,43691
41823,43692
41824,43693
41825,43694
41826,43695
41828,43697
41829,43698
41830,43699
41831,43700
41832,43701
41833,43702
41834,43703
41835,43704
41836,43705
41837,43706
41838,43707
41839,43708
41840,43709
41808,41841,43677,43710
41842,41843,43711,43712
41844,43713
41845,43714
41846,43715
41847,43716
41848,43717
41849,43718
41850,43719
41851,43720
41852,43721
41853,43722
41854,43723
41855,43724
15101,41856,41857,43725,43726
41858,43727
41859,43728
41860,43729
41861,43730
41862,43731
41863,43732
41864,43733
41865,43734
41866,43735
41867,43736
41868,43737
41869,43738
41870,43739
41827,41871,43696,43740
41872,43741
41873,43742
41874,43743
41875,43744
41876,43745
41877,43746
41878,43747
41879,43748
41880,43749
41882,43751
41883,43752
41884,43753
41885,43754
41886,43755
41881,41887,43750,43756
41888,43757
41890,43759
41891,43760
41892,43761
41893,43762
41894,43763
41895,43764
41896,43765
41897,43766
41898,43767
41899,43768
41900,43769
41901,43770
41902,43771
41903,43772
41904,43773
41905,43774
41906,41907,43781,43782
41908,43783
41909,43784
41910,43785
41911,43786
41912,43787
41913,43788
41914,43789
41915,43790
41916,43791
41917,43792
41918,43793
41919,43794
41920,43795
41921,43796
41922,43797
41923,43798
41924,43799
41925,43800
41926,43801
41927,43802
41928,43803
41929,43804
41930,43805
41931,43806
41932,43809
41933,43810
41934,43811
41935,43812
41936,43813
41937,43814
41938,43815
41939,43816
41940,43817
41941,43818
41942,43819
41943,43820
41944,43821
41945,43822
41946,43823
41947,43824
41948,43825
41949,43826
41950,43827
40779,41952,42683,43829
41953,43830
41954,43831
41955,43832
41956,43833
41957,41958,43834,43835
41959,43836
41960,43837
41961,43838
41962,43839
41963,43840
41964,43841
41965,43842
41966,43843
41967,43844
41968,43845
41969,43846
41970,43847
41971,43848
41972,43849
41973,41988,43850,43865
41974,43851
41975,43852
41976,43853
41977,43854
41978,43855
41979,43856
41980,43857
41981,43858
41982,43859
41983,43860
41984,43861
41985,43862
41986,43863
41987,43864
41989,43866
40796,41990,42700,43867
41991,43868
41992,43869
41993,43870
41994,43871
41995,43872
40797,41996,42701,43873
40798,41997,42702,43874
41999,43876
42000,43877
42001,43878
42002,43879
42003,43880
42004,43881
42005,43882
42006,43883
42007,43884
42008,43885
40842,41422,42744,43330
40900,40935,42800,42840
43019,43020
43022,43023
41335,41336,41337,41753,41754,41755,43234,43235,43236,43616,43617,43618
43279,43280
43299,43300
43897,45705
43921,43922
43931,43932,43933
43961,47093
43963,47091
43964,47174
43965,47092
43968,47094
43970,47095
43971,47096
43972,43973
43976,44024
43995,47130
44020,44023
44028,48252
44057,44058
44061,48247
44158,44160
44166,44169
44191,46955
44224,44225
44237,44251
44316,44317
44322,44343
44324,44325
44344,44346
44345,44347
44350,44351
44396,45615
44437,44442
44462,48082
44557,45618
44558,46144
44560,46146
44578,46235
44590,46192
44591,46193
44593,46194
44594,46195
44615,44616
44661,44756
44732,44733
44750,44752,44755
44751,44753,44754
44826,44842,44849
44840,44853,44855
44878,44879
44932,44933
44936,44937
44974,44975
45102,45103
45109,47619
44075,45110,47620
44076,45111,47621
45112,47622
45113,47623
45167,45188
45237,47693
45328,45331
45449,45457
45454,45455
45487,45488
45502,45506
45671,45672
45673,45720
45674,45721
45694,45702
45758,45759
45799,45936
45855,47680
45946,45947
45994,45995
46012,46078,46103
46112,46250
46121,46249
46167,46168
46211,46212
46283,46284
46318,46359
46464,46472
46492,46505
46647,47082
46667,48394
46708,46709
46805,46806
46828,46829
46862,46867
46870,46872
46940,46941
47017,47022
47025,47068,47585,48398,49719
47026,47027
47066,47067
47071,47072
47076,47077,47079
47085,47686
47103,47156
47115,47117
47124,47127
47136,47691
47141,47143,47145
47155,47296
47159,47807
47162,47811
47163,47812
47178,47187
47179,47189
47191,47294
47164,47204,47782,47823
47208,47209
47239,47240,47241
47249,47251,47253
47250,47252,47254
47257,47801
47264,47276
47270,47271,47272,47273
47275,47287
47282,47283,47284,47285
47290,47820
47350,47351
47352,47353
47354,47357
47394,47395
47422,47427
47423,47428
47424,47429
47425,47426,47430,47431
47432,47433
47442,47445
47444,47447
47466,47494,47506
47472,47547
47490,47502
47539,47542
47669,47670
47699,47962
47721,47752
47723,47753
47726,48265
47728,47757
47733,47734
47737,47740
47748,47749
47792,47793
47798,47799
47827,47828
47891,47918
47892,47919
47959,47960
47980,51093
48023,48214
48044,48055
48075,48076
48101,48216
48113,48116
48117,48220
48257,48329
48269,48271
48368,48369
48503,48504
48511,48512
48662,48663
48667,48671
48668,48672
48669,48673
48699,48700,48701
48757,48764
48816,48817
48820,48821,48822,48823,48824,48825,48826,48827,48828,48829,48830,48831
48835,48836
48837,48871
48839,48891
48857,48858
48860,48861
48872,48922
48873,48874,48875,48923,48924,48925
48876,48926
48877,48927
48879,48880
48884,48885
48892,48893
48897,48898
48909,48910
48931,48932
48944,50463
48947,48953
48961,48966,48968,48969
48995,48996
49002,49003
49006,49035,49049
49011,49019,49039,49054
49028,49029
49041,49044,49047,49048,49052
49055,49056
49057,49058
49071,49072
49092,49093
49095,49096,49099,49116,49117,49120
49094,49097,49115,49118
49098,49100,49119,49121
49101,49104
49102,49106,49107,49108,49110
49109,49113
49111,49112,49114
49127,49131
49128,49129
49130,49132
49133,49134,49135
49142,49143
49156,49157,49177
49161,49171
49163,49188,49249,49471
49174,49257
49164,49175,49185
49165,49176,49186
49210,49211,49212,49213,49214,49217,49219,49221,49222,49223,49228,49229,49230,49231,49232,49233
49215,49216
49225,49226,49227
49255,49256
49263,50143
49272,49274
49275,49276
49315,49316
49343,49355
49346,49359
49350,49351
49369,49370
49381,49382,49383
49387,49388,49391
49396,49438
49408,49414
49409,49410
49418,49419
49401,49402,49403,49415,49421,49433,49434,49435,49436
49446,49451
49448,49449
49456,49457
49483,49486
49484,49485
49495,49498
49496,49497
49499,49500,49501
49505,49506
49548,49552
49554,50057
49598,49604,49607
49615,49640
49616,49624
49622,49631
49623,49632
49637,49638
49643,49678,49689
49645,49646
49652,49653
49658,49659,49660
49676,49677
49687,49688
49694,49695
49699,49705
49701,49707,49710
49747,49748
49752,49753
49755,49756
49774,49775
49779,49780
49786,49787
49815,49816,49818
49817,49819
49824,49825
49828,49829
49862,49863
49917,49918
49923,49924
49934,49935
49953,49954
49958,49959,49961
49964,49965,49967
49977,49978
50016,50017
50039,50040
50078,50079
50086,50087,50088,50108
50091,50093
50098,50102
50095,50099,50103
50100,50109
50092,50101,50104,50110
50114,50115
50135,50137
50136,50138
50157,50158
50164,50165
50170,50171
50181,50182
50185,50186
50189,50190
50206,50207
50220,50221
50262,50263
50293,50294
50320,50322
50326,50327
50334,50335
50350,50351
50375,50381
50376,50382
50377,50383
50391,50392,50394,50395,50396,50397
50398,50399
50405,50407,50408
50422,50423,50426,50427
50429,50430
50447,50449
50448,50454
50450,50451,50452,50456,50457
50453,50455
50484,50485,50486,50487,50488,50489,50490,50491,50492
50495,50496,50497
50498,50499,50500,50501,50502
50505,50509
50506,50510,50511,50512
50517,50518,50519,50520,50521,50522,50523,50524
50530,50531
50541,50542
50546,50547,50548,50549,50550
50552,50563
50576,50577
50580,50581
50592,50598,50599
50603,50604,50605
50607,50609
50610,50611
50612,50613,50614,50615
50619,50620
50623,50630
50624,50628
50633,50634
50635,50639
50663,50664
50678,50684,50686
50679,50680,50682
50675,50677,50683,50685
50690,50691,50692
50726,50727,50728,50729,50731,50732
50738,50739,50741
50755,50756
50759,50761
50767,50768
50771,50774
50778,50779,50780
50793,50794
50795,50797
50812,50814
50840,50842
50846,50905
50866,50869
50891,50893,50899
50892,50894,50895,50897,50898,50900
50901,50903
50906,50907,50908
50913,50936,50937,50938
50914,50915,50916,50917,50918,50919,50920,50921,50922,50923,50924,50925,50926,50927,50928,50929,50930,50931,50932,50933,50934,50935,50939
50985,50986
51007,51008
51033,51034
51061,51062
51063,51065,51066
